Unique Sector ID, Number Band-Channel-Frequency Entries, Band-Channel-Frequency, Method, Number Raw Position Entries, Raw Position, Number Improved Position Entries, Improved Position, Number Transmitted Position Entries, Transmitted Position, Protocol Specifics, Number Verification Entries, Verification, Sector Azimuth, RDD
WCDMA-310-260-000021928, 1," ""2; 9914; 1982.800""", 2, 1," ""32.713712; -117.160972; 554; 217; -42.4; 377676; -36.5; 03/09/2021; 19:09:54; 03/09/2021; 19:11:23""", 1," ""32.713328; -117.161177; 341; 168; -79.7; 179976""", 0," """""," ""310; 260; 40289; 21928; 21928; 102""", 0," """"", , 0
WCDMA-310-260-000021929, 1," ""2; 9914; 1982.800""", 2, 1," ""32.712945; -117.161382; 129; 119; -117.0; 48227; -42.8; 03/09/2021; 18:49:30; 03/09/2021; 19:11:50""", 1," ""32.713328; -117.161177; 341; 168; -79.7; 179976""", 0," """""," ""310; 260; 40289; 21929; 21929; 110""", 0," """"", , 0
WCDMA-310-260-000024100, 1," ""2; 9914; 1982.800""", 2, 1," ""32.723153; -117.170233; 210; 142; -61.7; 93682; -42.2; 03/09/2021; 18:31:33; 03/09/2021; 18:33:11""", 1," ""32.723153; -117.170233; 210; 142; -61.7; 93682""", 0," """""," ""310; 260; 40289; 24100; 24100; 22""", 0," """"", , 0
WCDMA-310-260-000024104, 1," ""2; 9914; 1982.800""", 2, 1," ""32.723153; -117.170233; 210; 142; -61.7; 93682; -42.2; 03/09/2021; 18:31:15; 03/09/2021; 18:57:39""", 1," ""32.723153; -117.170233; 210; 142; -61.7; 93682""", 0," """""," ""310; 260; 40289; 24104; 24104; 320""", 0," """"", , 0
WCDMA-310-260-000024108, 1," ""2; 9914; 1982.800""", 2, 1," ""32.723153; -117.170233; 210; 142; -61.7; 93682; -42.2; 03/09/2021; 18:31:24; 03/09/2021; 18:33:08""", 1," ""32.723153; -117.170233; 210; 142; -61.7; 93682""", 0," """""," ""310; 260; 40289; 24108; 24108; 6""", 0," """"", , 0
WCDMA-310-260-000049142, 1," ""2; 9914; 1982.800""", 1, 1," ""32.724889; -117.169598; 343; 223; -43.5; 240297; -61.2; 03/09/2021; 18:30:55; 03/09/2021; 18:57:39""", 0," """"", 0," """""," ""310; 260; 40289; 49142; 49142; 58""", 0," """"", , 0
WCDMA-310-260-000049161, 1," ""2; 9914; 1982.800""", 2, 1," ""32.720052; -117.156492; 99; 85; -99.6; 26437; -38.0; 03/09/2021; 18:11:14; 03/09/2021; 19:07:53""", 1," ""32.719663; -117.156565; 105; 91; -93.3; 30018""", 0," """""," ""310; 260; 40289; 49161; 49161; 500""", 0," """"", , 0
WCDMA-310-260-000049162, 1," ""2; 9914; 1982.800""", 2, 1," ""32.720052; -117.156492; 99; 85; -99.6; 26437; -38.0; 03/09/2021; 18:11:36; 03/09/2021; 19:08:16""", 1," ""32.719663; -117.156565; 105; 91; -93.3; 30018""", 0," """""," ""310; 260; 40289; 49162; 49162; 508""", 0," """"", , 0
WCDMA-310-260-000049163, 1," ""2; 9914; 1982.800""", 2, 1," ""32.718884; -117.156711; 118; 105; -80.7; 38924; -35.4; 03/09/2021; 18:11:38; 03/09/2021; 19:06:06""", 1," ""32.719663; -117.156565; 105; 91; -93.3; 30018""", 0," """""," ""310; 260; 40289; 49163; 49163; 370""", 0," """"", , 0
WCDMA-310-260-000049571, 1," ""2; 9914; 1982.800""", 2, 1," ""32.714609; -117.171341; 397; 242; -108.2; 301825; -53.4; 03/09/2021; 18:33:48; 03/09/2021; 18:57:00""", 1," ""32.712362; -117.171497; 252; 171; -114.0; 135378""", 0," """""," ""310; 260; 40289; 49571; 49571; 242""", 0," """"", , 0
WCDMA-310-260-000049572, 1," ""2; 9914; 1982.800""", 2, 1," ""32.710497; -117.171129; 220; 149; -115.1; 102981; -46.9; 03/09/2021; 18:35:40; 03/09/2021; 18:50:59""", 1," ""32.712362; -117.171497; 252; 171; -114.0; 135378""", 0," """""," ""310; 260; 40289; 49572; 49572; 250""", 0," """"", , 0
WCDMA-310-260-000049573, 1," ""2; 9914; 1982.800""", 2, 1," ""32.711980; -117.172020; 141; 123; -118.6; 54485; -42.9; 03/09/2021; 18:33:36; 03/09/2021; 18:36:03""", 1," ""32.712362; -117.171497; 252; 171; -114.0; 135378""", 0," """""," ""310; 260; 40289; 49573; 49573; 258""", 0," """"", , 0
WCDMA-310-260-000050020, 1," ""2; 9914; 1982.800""", 1, 1," ""32.735116; -117.154607; 186; 119; -103.3; 69536; -58.2; 03/09/2021; 18:10:28; 03/09/2021; 18:11:35""", 0," """"", 0," """""," ""310; 260; 40289; 50020; 50020; 475""", 0," """"", , 0
WCDMA-310-260-000050070, 1," ""2; 9914; 1982.800""", 2, 1," ""32.722653; -117.160334; 137; 123; -70.6; 52939; -47.7; 03/09/2021; 18:15:56; 03/09/2021; 18:57:53""", 1," ""32.722653; -117.160334; 137; 123; -70.6; 52939""", 0," """""," ""310; 260; 40289; 50070; 50070; 166""", 0," """"", , 0
WCDMA-310-260-000050078, 1," ""2; 9914; 1982.800""", 2, 1," ""32.722653; -117.160334; 137; 123; -70.6; 52939; -47.7; 03/09/2021; 18:11:13; 03/09/2021; 18:30:52""", 1," ""32.722653; -117.160334; 137; 123; -70.6; 52939""", 0," """""," ""310; 260; 40289; 50078; 50078; 150""", 0," """"", , 0
WCDMA-310-260-000050079, 1," ""2; 9914; 1982.800""", 2, 1," ""32.722653; -117.160334; 137; 123; -70.6; 52939; -47.7; 03/09/2021; 18:11:26; 03/09/2021; 18:27:40""", 1," ""32.722653; -117.160334; 137; 123; -70.6; 52939""", 0," """""," ""310; 260; 40289; 50079; 50079; 158""", 0," """"", , 0
WCDMA-310-260-000050160, 1," ""2; 9914; 1982.800""", 1, 1," ""32.764886; -117.162468; 195; 134; -117.0; 82090; -46.6; 03/09/2021; 18:08:27; 03/09/2021; 18:09:04""", 0," """"", 0," """""," ""310; 260; 40289; 50160; 50160; 213""", 0," """"", , 0
WCDMA-310-260-000050738, 1," ""2; 9914; 1982.800""", 1, 1," ""32.895427; -117.198843; 462; 219; -18.3; 317860; -53.2; 03/09/2021; 17:57:55; 03/09/2021; 17:59:41""", 0," """"", 0," """""," ""310; 260; 40289; 50738; 50738; 53""", 0," """"", , 0
WCDMA-310-260-000050739, 1," ""2; 9914; 1982.800""", 1, 1," ""32.887188; -117.191624; 592; 239; -147.0; 444498; -71.9; 03/09/2021; 17:44:28; 03/09/2021; 17:58:27""", 0," """"", 0," """""," ""310; 260; 40289; 50739; 50739; 61""", 0," """"", , 0
WCDMA-310-260-000051490, 1," ""2; 9914; 1982.800""", 2, 1," ""32.716053; -117.164930; 121; 94; -174.1; 35732; -35.4; 03/09/2021; 18:29:45; 03/09/2021; 19:04:46""", 1," ""32.716053; -117.164930; 121; 94; -174.1; 35732""", 0," """""," ""310; 260; 40289; 51490; 51490; 94""", 0," """"", , 0
WCDMA-310-260-000051494, 1," ""2; 9914; 1982.800""", 2, 1," ""32.716053; -117.164930; 121; 94; -174.1; 35732; -35.4; 03/09/2021; 18:52:27; 03/09/2021; 19:04:37""", 1," ""32.716053; -117.164930; 121; 94; -174.1; 35732""", 0," """""," ""310; 260; 40289; 51494; 51494; 490""", 0," """"", , 0
WCDMA-310-260-000051498, 1," ""2; 9914; 1982.800""", 2, 1," ""32.716053; -117.164930; 121; 94; -174.1; 35732; -35.4; 03/09/2021; 18:29:47; 03/09/2021; 19:02:31""", 1," ""32.716053; -117.164930; 121; 94; -174.1; 35732""", 0," """""," ""310; 260; 40289; 51498; 51498; 78""", 0," """"", , 0
WCDMA-310-260-000051500, 1," ""2; 9914; 1982.800""", 1, 1," ""32.713582; -117.146322; 404; 222; -88.0; 281763; -31.5; 03/09/2021; 18:45:47; 03/09/2021; 19:10:08""", 0," """"", 0," """""," ""310; 260; 40289; 51500; 51500; 286""", 0," """"", , 0
WCDMA-310-260-000054049, 1," ""2; 9914; 1982.800""", 1, 1," ""32.764362; -117.163146; 194; 135; -119.9; 82278; -43.6; 03/09/2021; 18:08:32; 03/09/2021; 18:09:29""", 0," """"", 0," """""," ""310; 260; 40289; 54049; 54049; 181""", 0," """"", , 0
WCDMA-310-260-000054998, 1," ""2; 9914; 1982.800""", 2, 1," ""32.713228; -117.166674; 180; 129; -110.8; 72948; -29.5; 03/09/2021; 18:51:32; 03/09/2021; 18:53:14""", 1," ""32.713228; -117.166674; 180; 129; -110.8; 72948""", 0," """""," ""310; 260; 40289; 54998; 54998; 30""", 0," """"", , 0
WCDMA-310-260-000054999, 1," ""2; 9914; 1982.800""", 2, 1," ""32.713228; -117.166674; 180; 129; -110.8; 72948; -29.5; 03/09/2021; 18:50:04; 03/09/2021; 18:52:38""", 1," ""32.713228; -117.166674; 180; 129; -110.8; 72948""", 0," """""," ""310; 260; 40289; 54999; 54999; 38""", 0," """"", , 0
WCDMA-310-260-000055000, 1," ""2; 9914; 1982.800""", 2, 1," ""32.720971; -117.166438; 151; 96; -89.3; 45541; -30.5; 03/09/2021; 18:54:56; 03/09/2021; 19:00:34""", 1," ""32.720971; -117.166438; 151; 96; -89.3; 45541""", 0," """""," ""310; 260; 40289; 55000; 55000; 70""", 0," """"", , 0
WCDMA-310-260-000055004, 1," ""2; 9914; 1982.800""", 2, 1," ""32.720971; -117.166438; 151; 96; -89.3; 45541; -30.5; 03/09/2021; 18:55:11; 03/09/2021; 19:00:32""", 1," ""32.720971; -117.166438; 151; 96; -89.3; 45541""", 0," """""," ""310; 260; 40289; 55004; 55004; 472""", 0," """"", , 0
WCDMA-310-260-000055008, 1," ""2; 9914; 1982.800""", 2, 1," ""32.720971; -117.166438; 151; 96; -89.3; 45541; -30.5; 03/09/2021; 18:30:07; 03/09/2021; 18:59:12""", 1," ""32.720971; -117.166438; 151; 96; -89.3; 45541""", 0," """""," ""310; 260; 40289; 55008; 55008; 54""", 0," """"", , 0
WCDMA-310-260-000055010, 1," ""2; 9914; 1982.800""", 1, 1," ""32.718712; -117.159442; 122; 105; -142.2; 40244; -28.6; 03/09/2021; 18:14:35; 03/09/2021; 19:04:48""", 0," """"", 0," """""," ""310; 260; 40289; 55010; 55010; 190""", 0," """"", , 0
WCDMA-310-260-000056850, 1," ""2; 9914; 1982.800""", 1, 1," ""32.776110; -117.161218; 404; 254; -107.4; 322378; -44.6; 03/09/2021; 18:07:36; 03/09/2021; 18:08:06""", 0," """"", 0," """""," ""310; 260; 40289; 56850; 56850; 237""", 0," """"", , 0
WCDMA-310-260-000058030, 1," ""2; 9914; 1982.800""", 1, 1," ""32.709022; -117.158079; 293; 163; -37.5; 150039; -38.1; 03/09/2021; 18:39:40; 03/09/2021; 18:49:36""", 0," """"", 0," """""," ""310; 260; 40289; 58030; 58030; 214""", 0," """"", , 0
WCDMA-310-410-000000041, 1," ""5; 4385; 877.000""", 2, 1," ""32.706801; -117.148236; 596; 196; -43.6; 366988; -41.9; 03/09/2021; 18:43:40; 03/09/2021; 19:08:49""", 1," ""32.706801; -117.148236; 596; 196; -43.6; 366988""", 0," """""," ""310; 410; 31991; 41; 41; 289""", 0," """"", , 0
WCDMA-310-410-000000043, 1," ""5; 4385; 877.000""", 2, 1," ""32.706801; -117.148236; 596; 196; -43.6; 366988; -41.9; 03/09/2021; 18:41:45; 03/09/2021; 18:48:20""", 1," ""32.706801; -117.148236; 596; 196; -43.6; 366988""", 0," """""," ""310; 410; 31991; 43; 43; 305""", 0," """"", , 0
WCDMA-310-410-000000071, 1," ""5; 4385; 877.000""", 2, 1," ""32.714054; -117.156433; 96; 85; -50.9; 25635; -34.8; 03/09/2021; 18:23:32; 03/09/2021; 19:11:08""", 1," ""32.712966; -117.156096; 265; 139; -119.4; 115721""", 0," """""," ""310; 410; 31991; 71; 71; 171""", 0," """"", , 0
WCDMA-310-410-000000072, 1," ""5; 4385; 877.000""", 2, 1," ""32.713061; -117.155704; 437; 165; -133.6; 226525; -30.9; 03/09/2021; 19:05:42; 03/09/2021; 19:10:11""", 1," ""32.712966; -117.156096; 265; 139; -119.4; 115721""", 0," """""," ""310; 410; 31991; 72; 72; 179""", 0," """"", , 0
WCDMA-310-410-000000073, 1," ""5; 4385; 877.000""", 2, 1," ""32.711782; -117.156151; 262; 168; -173.7; 138280; -48.3; 03/09/2021; 18:42:14; 03/09/2021; 18:49:31""", 1," ""32.712966; -117.156096; 265; 139; -119.4; 115721""", 0," """""," ""310; 410; 31991; 73; 73; 187""", 0," """"", , 0
WCDMA-310-410-000000132, 1," ""5; 4385; 877.000""", 1, 1," ""32.730921; -117.158634; 189; 126; -100.5; 74814; -53.7; 03/09/2021; 18:10:23; 03/09/2021; 18:11:26""", 0," """"", 0," """""," ""310; 410; 31991; 132; 132; 327""", 0," """"", , 0
WCDMA-310-410-000002222, 1," ""5; 4385; 877.000""", 2, 1," ""32.891135; -117.199803; 374; 219; -16.6; 257315; -51.0; 03/09/2021; 17:58:08; 03/09/2021; 18:00:08""", 1," ""32.891135; -117.199803; 374; 219; -16.6; 257315""", 0," """""," ""310; 410; 31989; 2222; 2222; 62""", 0," """"", , 0
WCDMA-310-410-000002223, 1," ""5; 4385; 877.000""", 2, 1," ""32.891135; -117.199803; 374; 219; -16.6; 257315; -51.0; 03/09/2021; 17:59:10; 03/09/2021; 18:00:42""", 1," ""32.891135; -117.199803; 374; 219; -16.6; 257315""", 0," """""," ""310; 410; 31989; 2223; 2223; 70""", 0," """"", , 0
WCDMA-310-410-000003192, 1," ""5; 4385; 877.000""", 2, 1," ""32.763340; -117.161909; 220; 142; -118.3; 98143; -38.9; 03/09/2021; 18:08:32; 03/09/2021; 18:09:06""", 1," ""32.764452; -117.162081; 179; 118; -103.6; 66357""", 0," """""," ""310; 410; 31984; 3192; 3192; 154""", 0," """"", , 0
WCDMA-310-410-000003193, 1," ""5; 4385; 877.000""", 2, 1," ""32.765563; -117.162254; 138; 95; -88.8; 41186; -42.2; 03/09/2021; 18:07:19; 03/09/2021; 18:09:25""", 1," ""32.764452; -117.162081; 179; 118; -103.6; 66357""", 0," """""," ""310; 410; 31984; 3193; 3193; 162""", 0," """"", , 0
WCDMA-310-410-000003402, 1," ""5; 4385; 877.000""", 1, 1," ""32.746443; -117.158762; 341; 199; -64.4; 213185; -61.6; 03/09/2021; 18:10:00; 03/09/2021; 18:10:37""", 0," """"", 0," """""," ""310; 410; 31990; 3402; 3402; 176""", 0," """"", , 0
WCDMA-310-410-000003451, 1," ""5; 4385; 877.000""", 1, 1," ""32.708227; -117.163934; 281; 223; -138.9; 196862; -47.8; 03/09/2021; 18:29:16; 03/09/2021; 18:51:28""", 0," """"", 0," """""," ""310; 410; 31991; 3451; 3451; 435""", 0," """"", , 0
WCDMA-310-410-000003651, 1," ""5; 4385; 877.000""", 2, 1," ""32.717065; -117.156210; 106; 96; -38.3; 31969; -35.3; 03/09/2021; 18:11:38; 03/09/2021; 19:08:55""", 1," ""32.717065; -117.156210; 106; 96; -38.3; 31969""", 0," """""," ""310; 410; 31991; 3651; 3651; 217""", 0," """"", , 0
WCDMA-310-410-000003652, 1," ""5; 4385; 877.000""", 2, 1," ""32.717065; -117.156210; 106; 96; -38.3; 31969; -35.3; 03/09/2021; 18:23:33; 03/09/2021; 19:07:56""", 1," ""32.717065; -117.156210; 106; 96; -38.3; 31969""", 0," """""," ""310; 410; 31991; 3652; 3652; 225""", 0," """"", , 0
WCDMA-310-410-000003653, 1," ""5; 4385; 877.000""", 2, 1," ""32.717065; -117.156210; 106; 96; -38.3; 31969; -35.3; 03/09/2021; 18:12:10; 03/09/2021; 19:07:50""", 1," ""32.717065; -117.156210; 106; 96; -38.3; 31969""", 0," """""," ""310; 410; 31991; 3653; 3653; 233""", 0," """"", , 0
WCDMA-310-410-000003701, 1," ""5; 4385; 877.000""", 2, 1," ""32.720604; -117.163865; 282; 148; -93.2; 131118; -36.6; 03/09/2021; 18:17:02; 03/09/2021; 18:30:07""", 1," ""32.719876; -117.164773; 272; 148; -113.2; 126468""", 0," """""," ""310; 410; 31991; 3701; 3701; 193""", 0," """"", , 0
WCDMA-310-410-000003702, 1," ""5; 4385; 877.000""", 2, 1," ""32.719149; -117.165682; 262; 148; -133.3; 121818; -45.6; 03/09/2021; 18:18:58; 03/09/2021; 19:02:48""", 1," ""32.719876; -117.164773; 272; 148; -113.2; 126468""", 0," """""," ""310; 410; 31991; 3702; 3702; 201""", 0," """"", , 0
WCDMA-310-410-000003843, 1," ""5; 4385; 877.000""", 1, 1," ""32.802284; -117.152713; 209; 122; -71.4; 80104; -45.4; 03/09/2021; 18:04:25; 03/09/2021; 18:06:44""", 0," """"", 0," """""," ""310; 410; 31984; 3843; 3843; 359""", 0," """"", , 0
WCDMA-310-410-000003852, 1," ""5; 4385; 877.000""", 1, 1," ""32.816547; -117.157542; 179; 114; -128.0; 64107; -44.1; 03/09/2021; 18:04:56; 03/09/2021; 18:05:41""", 0," """"", 0," """""," ""310; 410; 31984; 3852; 3852; 324""", 0," """"", , 0
WCDMA-310-410-000004791, 1," ""5; 4385; 877.000""", 1, 1," ""32.853879; -117.182864; 266; 140; -121.7; 116993; -32.4; 03/09/2021; 18:01:30; 03/09/2021; 18:02:49""", 0," """"", 0," """""," ""310; 410; 31989; 4791; 4791; 438""", 0," """"", , 0
WCDMA-310-410-000005241, 1," ""5; 4385; 877.000""", 2, 1," ""32.750623; -117.155721; 347; 280; -90.7; 305237; -39.9; 03/09/2021; 18:09:34; 03/09/2021; 18:09:53""", 1," ""32.750056; -117.155652; 297; 216; -87.5; 201539""", 0," """""," ""310; 410; 31990; 5241; 5241; 96""", 0," """"", , 0
WCDMA-310-410-000005242, 1," ""5; 4385; 877.000""", 2, 1," ""32.749490; -117.155584; 248; 152; -84.3; 118425; -47.3; 03/09/2021; 18:09:41; 03/09/2021; 18:10:39""", 1," ""32.750056; -117.155652; 297; 216; -87.5; 201539""", 0," """""," ""310; 410; 31990; 5242; 5242; 104""", 0," """"", , 0
WCDMA-310-410-000007931, 1," ""5; 4385; 877.000""", 2, 1," ""32.712495; -117.172158; 224; 174; -89.3; 122447; -47.5; 03/09/2021; 18:33:36; 03/09/2021; 18:36:05""", 1," ""32.712336; -117.171176; 358; 216; -46.3; 242933""", 0," """""," ""310; 410; 31991; 7931; 7931; 271""", 0," """"", , 0
WCDMA-310-410-000007932, 1," ""5; 4385; 877.000""", 2, 1," ""32.712177; -117.170193; 493; 258; -3.4; 399592; -36.6; 03/09/2021; 18:36:00; 03/09/2021; 18:37:37""", 1," ""32.712336; -117.171176; 358; 216; -46.3; 242933""", 0," """""," ""310; 410; 31991; 7932; 7932; 279""", 0," """"", , 0
WCDMA-310-410-000007951, 1," ""5; 4385; 877.000""", 2, 1," ""32.716557; -117.167768; 123; 99; -107.8; 38255; -27.4; 03/09/2021; 18:34:05; 03/09/2021; 19:02:17""", 1," ""32.716557; -117.167768; 123; 99; -107.8; 38255""", 0," """""," ""310; 410; 31991; 7951; 7951; 197""", 0," """"", , 0
WCDMA-310-410-000007952, 1," ""5; 4385; 877.000""", 2, 1," ""32.716557; -117.167768; 123; 99; -107.8; 38255; -27.4; 03/09/2021; 18:34:05; 03/09/2021; 19:03:18""", 1," ""32.716557; -117.167768; 123; 99; -107.8; 38255""", 0," """""," ""310; 410; 31991; 7952; 7952; 205""", 0," """"", , 0
WCDMA-310-410-000007953, 1," ""5; 4385; 877.000""", 2, 1," ""32.716557; -117.167768; 123; 99; -107.8; 38255; -27.4; 03/09/2021; 18:33:09; 03/09/2021; 19:02:16""", 1," ""32.716557; -117.167768; 123; 99; -107.8; 38255""", 0," """""," ""310; 410; 31991; 7953; 7953; 213""", 0," """"", , 0
WCDMA-310-410-000008761, 1," ""5; 4385; 877.000""", 2, 1," ""32.723288; -117.174321; 406; 182; -79.4; 232139; -41.5; 03/09/2021; 18:31:15; 03/09/2021; 18:58:17""", 1," ""32.723288; -117.174321; 406; 182; -79.4; 232139""", 0," """""," ""310; 410; 31991; 8761; 8761; 410""", 0," """"", , 0
WCDMA-310-410-000008762, 1," ""5; 4385; 877.000""", 2, 1," ""32.723288; -117.174321; 406; 182; -79.4; 232139; -41.5; 03/09/2021; 18:56:09; 03/09/2021; 18:59:14""", 1," ""32.723288; -117.174321; 406; 182; -79.4; 232139""", 0," """""," ""310; 410; 31991; 8762; 8762; 418""", 0," """"", , 0
WCDMA-310-410-000008763, 1," ""5; 4385; 877.000""", 2, 1," ""32.723288; -117.174321; 406; 182; -79.4; 232139; -41.5; 03/09/2021; 18:29:38; 03/09/2021; 18:59:13""", 1," ""32.723288; -117.174321; 406; 182; -79.4; 232139""", 0," """""," ""310; 410; 31991; 8763; 8763; 426""", 0," """"", , 0
WCDMA-310-410-000008811, 1," ""5; 4385; 877.000""", 1, 1," ""32.724048; -117.169989; 186; 174; -48.4; 101675; -62.1; 03/09/2021; 18:29:25; 03/09/2021; 18:34:11""", 0," """"", 0," """""," ""310; 410; 31991; 8811; 8811; 77""", 0," """"", , 0
WCDMA-310-410-000020571, 1," ""5; 4385; 877.000""", 2, 1," ""32.722391; -117.160375; 76; 67; -143.3; 15997; -26.8; 03/09/2021; 18:11:26; 03/09/2021; 18:59:14""", 1," ""32.722391; -117.160375; 76; 67; -143.3; 15997""", 0," """""," ""310; 410; 31991; 20571; 20571; 247""", 0," """"", , 0
WCDMA-310-410-000020572, 1," ""5; 4385; 877.000""", 2, 1," ""32.722391; -117.160375; 76; 67; -143.3; 15997; -26.8; 03/09/2021; 18:11:23; 03/09/2021; 18:26:25""", 1," ""32.722391; -117.160375; 76; 67; -143.3; 15997""", 0," """""," ""310; 410; 31991; 20572; 20572; 255""", 0," """"", , 0
WCDMA-310-410-000020573, 1," ""5; 4385; 877.000""", 2, 1," ""32.722391; -117.160375; 76; 67; -143.3; 15997; -26.8; 03/09/2021; 18:14:56; 03/09/2021; 19:04:46""", 1," ""32.722391; -117.160375; 76; 67; -143.3; 15997""", 0," """""," ""310; 410; 31991; 20573; 20573; 263""", 0," """"", , 0
WCDMA-310-410-000020792, 1," ""5; 4385; 877.000""", 1, 1," ""32.870074; -117.197366; 413; 295; -105.6; 382756; -50.8; 03/09/2021; 18:01:21; 03/09/2021; 18:02:16""", 0," """"", 0," """""," ""310; 410; 31989; 20792; 20792; 177""", 0," """"", , 0
WCDMA-310-410-000020901, 1," ""5; 4385; 877.000""", 2, 1," ""32.791051; -117.165292; 450; 183; -112.6; 258710; -54.3; 03/09/2021; 18:05:31; 03/09/2021; 18:06:57""", 1," ""32.790731; -117.164867; 405; 179; -82.0; 227750""", 0," """""," ""310; 410; 31984; 20901; 20901; 99""", 0," """"", , 0
WCDMA-310-410-000020902, 1," ""5; 4385; 877.000""", 2, 1," ""32.790410; -117.164442; 360; 175; -51.4; 197920; -50.1; 03/09/2021; 18:06:52; 03/09/2021; 18:07:49""", 1," ""32.790731; -117.164867; 405; 179; -82.0; 227750""", 0," """""," ""310; 410; 31984; 20902; 20902; 107""", 0," """"", , 0
WCDMA-310-410-000022561, 1," ""5; 4385; 877.000""", 1, 1," ""32.711135; -117.162726; 273; 177; -178.7; 151805; -45.9; 03/09/2021; 18:49:20; 03/09/2021; 18:51:52""", 0," """"", 0," """""," ""310; 410; 31991; 22561; 22561; 339""", 0," """"", , 0
WCDMA-310-410-000027221, 1," ""5; 4385; 877.000""", 2, 1," ""32.704458; -117.157462; 640; 197; -24.6; 396092; -19.3; 03/09/2021; 18:39:24; 03/09/2021; 18:41:12""", 1," ""32.704458; -117.157462; 640; 197; -24.6; 396092""", 0," """""," ""310; 410; 31991; 27221; 27221; 100""", 0," """"", , 0
WCDMA-310-410-000027222, 1," ""5; 4385; 877.000""", 2, 1," ""32.704458; -117.157462; 640; 197; -24.6; 396092; -19.3; 03/09/2021; 18:39:29; 03/09/2021; 18:41:36""", 1," ""32.704458; -117.157462; 640; 197; -24.6; 396092""", 0," """""," ""310; 410; 31991; 27222; 27222; 505""", 0," """"", , 0
WCDMA-310-410-000052561, 1," ""5; 4385; 877.000""", 2, 1," ""32.711266; -117.163432; 118; 108; -46.4; 40036; -29.0; 03/09/2021; 18:37:29; 03/09/2021; 18:51:33""", 1," ""32.711266; -117.163432; 118; 108; -46.4; 40036""", 0," """""," ""310; 410; 31991; 52561; 52561; 148""", 0," """"", , 0
WCDMA-310-410-000052562, 1," ""5; 4385; 877.000""", 2, 1," ""32.711266; -117.163432; 118; 108; -46.4; 40036; -29.0; 03/09/2021; 18:29:16; 03/09/2021; 18:51:51""", 1," ""32.711266; -117.163432; 118; 108; -46.4; 40036""", 0," """""," ""310; 410; 31991; 52562; 52562; 156""", 0," """"", , 0
WCDMA-310-410-000052563, 1," ""5; 4385; 877.000""", 2, 1," ""32.711266; -117.163432; 118; 108; -46.4; 40036; -29.0; 03/09/2021; 18:28:45; 03/09/2021; 19:03:23""", 1," ""32.711266; -117.163432; 118; 108; -46.4; 40036""", 0," """""," ""310; 410; 31991; 52563; 52563; 164""", 0," """"", , 0
CDMA-00004-00040-0001-02785, 1," ""0; 777; 893.310""", 2, 1," ""32.716754; -117.163573; 287; 201; -162.5; 181229; -38.0; 03/09/2021; 18:49:51; 03/09/2021; 19:04:30""", 1," ""32.716754; -117.163573; 287; 201; -162.5; 181229""", 0," """""," ""4; 40; 1; 2785; 76""", 1," ""32.715666; -117.163932""", 195.53, 1
CDMA-00004-00040-0001-02787, 1," ""0; 777; 893.310""", 2, 1," ""32.717049; -117.164830; 303; 229; -165.4; 217986; -41.0; 03/09/2021; 18:49:52; 03/09/2021; 19:04:24""", 1," ""32.717049; -117.164830; 303; 229; -165.4; 217986""", 0," """""," ""4; 40; 1; 2787; 84""", 1," ""32.716731; -117.165674""", 245.88, 0
CDMA-00004-00040-0001-03057, 1," ""0; 777; 893.310""", 2, 1," ""32.722836; -117.163227; 203; 173; -111.2; 110330; -29.5; 03/09/2021; 18:15:14; 03/09/2021; 18:30:18""", 1," ""32.722836; -117.163227; 203; 173; -111.2; 110330""", 0," """""," ""4; 40; 1; 3057; 244""", 1," ""32.723301; -117.162721""", 42.44, 1
CDMA-00004-00040-0001-03058, 1," ""0; 777; 893.310""", 2, 1," ""32.724383; -117.163258; 230; 167; -98.3; 120669; -32.3; 03/09/2021; 18:27:49; 03/09/2021; 18:58:30""", 1," ""32.724383; -117.163258; 230; 167; -98.3; 120669""", 0," """""," ""4; 40; 1; 3058; 248""", 1," ""32.724045; -117.163900""", 237.98, 0
CDMA-00004-00040-0001-04417, 1," ""0; 777; 893.310""", 2, 1," ""32.711910; -117.169755; 215; 183; -166.3; 123606; -48.7; 03/09/2021; 18:33:55; 03/09/2021; 19:12:05""", 1," ""32.711910; -117.169755; 215; 183; -166.3; 123606""", 0," """""," ""4; 40; 1; 4417; 64""", 0," """"", , 0
CDMA-00004-00040-0001-04418, 1," ""0; 777; 893.310""", 2, 1," ""32.710688; -117.170793; 246; 173; -143.6; 133700; -47.2; 03/09/2021; 18:34:56; 03/09/2021; 18:54:13""", 1," ""32.710688; -117.170793; 246; 173; -143.6; 133700""", 0," """""," ""4; 40; 1; 4418; 68""", 1," ""32.711436; -117.170480""", 19.40, 0
CDMA-00004-00040-0001-04419, 1," ""0; 777; 893.310""", 2, 1," ""32.714246; -117.170909; 252; 193; -114.7; 152795; -49.2; 03/09/2021; 18:31:05; 03/09/2021; 19:01:48""", 1," ""32.714246; -117.170909; 252; 193; -114.7; 152795""", 0," """""," ""4; 40; 1; 4419; 72""", 1," ""32.716822; -117.173062""", 324.89, 0
CDMA-00004-00040-0001-04594, 1," ""0; 777; 893.310""", 2, 1," ""32.709782; -117.152072; 229; 203; -31.0; 146043; -32.0; 03/09/2021; 18:39:34; 03/09/2021; 18:47:45""", 1," ""32.709782; -117.152072; 229; 203; -31.0; 146043""", 0," """""," ""4; 40; 1; 4594; 332""", 0," """"", , 0
CDMA-00004-00040-0001-04802, 1," ""0; 777; 893.310""", 2, 1," ""32.708480; -117.164031; 197; 151; -131.4; 93453; -37.2; 03/09/2021; 18:27:54; 03/09/2021; 19:11:48""", 1," ""32.708480; -117.164031; 197; 151; -131.4; 93453""", 0," """""," ""4; 40; 1; 4802; 80""", 1," ""32.708767; -117.164056""", 355.82, 0
CDMA-00004-00040-0001-04867, 1," ""0; 777; 893.310""", 2, 1," ""32.766835; -117.162623; 384; 203; -80.0; 244893; -53.4; 03/09/2021; 18:06:03; 03/09/2021; 18:08:15""", 1," ""32.766835; -117.162623; 384; 203; -80.0; 244893""", 0," """""," ""4; 40; 1; 4867; 132""", 0," """"", , 0
CDMA-00004-00040-0001-05217, 1," ""0; 777; 893.310""", 2, 1," ""32.719034; -117.157160; 174; 171; -78.1; 93475; -46.2; 03/09/2021; 18:11:06; 03/09/2021; 19:10:37""", 1," ""32.719034; -117.157160; 174; 171; -78.1; 93475""", 0," """""," ""4; 40; 1; 5217; 52""", 1," ""32.717754; -117.156321""", 151.11, 0
CDMA-00004-00040-0001-05218, 1," ""0; 777; 893.310""", 2, 1," ""32.719850; -117.156742; 197; 192; -171.8; 118828; -39.7; 03/09/2021; 18:11:02; 03/09/2021; 18:27:41""", 1," ""32.719850; -117.156742; 197; 192; -171.8; 118828""", 0," """""," ""4; 40; 1; 5218; 56""", 1," ""32.720864; -117.158579""", 303.27, 0
CDMA-00004-00040-0001-05219, 1," ""0; 777; 893.310""", 2, 1," ""32.719739; -117.155543; 240; 191; -102.9; 144011; -44.1; 03/09/2021; 18:11:05; 03/09/2021; 19:09:22""", 1," ""32.719739; -117.155543; 240; 191; -102.9; 144011""", 0," """""," ""4; 40; 1; 5219; 60""", 1," ""32.718066; -117.154997""", 164.63, 0
CDMA-00004-00040-0001-05299, 1," ""0; 777; 893.310""", 2, 1," ""32.791795; -117.164421; 269; 177; -110.3; 149581; -60.5; 03/09/2021; 18:04:09; 03/09/2021; 18:07:11""", 1," ""32.791795; -117.164421; 269; 177; -110.3; 149581""", 0," """""," ""4; 40; 1; 5299; 396""", 0," """"", , 1
CDMA-00004-00040-0001-05891, 1," ""0; 777; 893.310""", 2, 1," ""32.809741; -117.154153; 410; 199; -112.0; 256323; -48.1; 03/09/2021; 18:03:40; 03/09/2021; 18:05:31""", 1," ""32.809741; -117.154153; 410; 199; -112.0; 256323""", 0," """""," ""4; 40; 1; 5891; 96""", 1," ""32.811881; -117.155981""", 324.32, 0
CDMA-00004-00040-0001-09953, 1," ""0; 777; 893.310""", 2, 1," ""32.709880; -117.154713; 203; 174; -8.5; 110967; -35.6; 03/09/2021; 18:40:31; 03/09/2021; 19:11:36""", 1," ""32.709880; -117.154713; 203; 174; -8.5; 110967""", 0," """""," ""4; 40; 1; 9953; 388""", 1," ""32.709444; -117.154898""", 199.68, 0
CDMA-00004-00040-0001-09954, 1," ""0; 777; 893.310""", 2, 1," ""32.709224; -117.157761; 187; 168; -25.3; 98696; -39.8; 03/09/2021; 18:37:12; 03/09/2021; 19:11:54""", 1," ""32.709224; -117.157761; 187; 168; -25.3; 98696""", 0," """""," ""4; 40; 1; 9954; 392""", 1," ""32.709378; -117.157932""", 317.06, 0
CDMA-00004-00040-0001-09955, 1," ""0; 777; 893.310""", 2, 1," ""32.709928; -117.155882; 264; 163; -7.6; 135189; -40.8; 03/09/2021; 18:11:10; 03/09/2021; 19:11:51""", 1," ""32.709928; -117.155882; 264; 163; -7.6; 135189""", 0," """""," ""4; 40; 1; 9955; 396""", 1," ""32.711548; -117.158132""", 310.55, 0
CDMA-00004-00040-0001-11425, 1," ""0; 777; 893.310""", 2, 1," ""32.720191; -117.167156; 196; 180; -15.1; 110835; -36.1; 03/09/2021; 18:27:17; 03/09/2021; 19:00:16""", 1," ""32.720191; -117.167156; 196; 180; -15.1; 110835""", 0," """""," ""4; 40; 1; 11425; 376""", 1," ""32.720764; -117.167413""", 339.33, 0
CDMA-00004-00040-0001-11426, 1," ""0; 777; 893.310""", 2, 1," ""32.720398; -117.168359; 231; 179; -89.4; 129902; -35.2; 03/09/2021; 18:51:53; 03/09/2021; 19:00:16""", 1," ""32.720398; -117.168359; 231; 179; -89.4; 129902""", 0," """""," ""4; 40; 1; 11426; 380""", 1," ""32.719434; -117.168564""", 190.12, 0
CDMA-00004-00040-0001-11427, 1," ""0; 777; 893.310""", 2, 1," ""32.721237; -117.167525; 155; 146; -84.3; 71094; -37.2; 03/09/2021; 18:26:42; 03/09/2021; 19:00:17""", 1," ""32.721237; -117.167525; 155; 146; -84.3; 71094""", 0," """""," ""4; 40; 1; 11427; 384""", 1," ""32.721437; -117.168298""", 287.09, 0
CDMA-00004-00040-0001-13697, 1," ""0; 777; 893.310""", 2, 1," ""32.741488; -117.155082; 248; 143; -94.3; 111413; -45.3; 03/09/2021; 18:09:17; 03/09/2021; 18:11:10""", 1," ""32.741488; -117.155082; 248; 143; -94.3; 111413""", 0," """""," ""4; 40; 1; 13697; 352""", 1," ""32.742778; -117.156549""", 316.28, 0
CDMA-00004-00054-0008-06035, 1," ""0; 777; 893.310""", 2, 1," ""32.888585; -117.199802; 284; 195; -14.6; 173981; -71.1; 03/09/2021; 17:46:48; 03/09/2021; 18:00:00""", 1," ""32.888585; -117.199802; 284; 195; -14.6; 173981""", 0," """""," ""4; 54; 8; 6035; 292""", 0," """"", , 0
CDMA-00004-00054-0008-06161, 1," ""0; 777; 893.310""", 2, 1," ""32.852397; -117.184057; 254; 136; -116.6; 108523; -41.4; 03/09/2021; 18:01:14; 03/09/2021; 18:06:03""", 1," ""32.852397; -117.184057; 254; 136; -116.6; 108523""", 0," """""," ""4; 54; 8; 6161; 40""", 0," """"", , 0
CDMA-00004-00054-0008-06162, 1," ""0; 777; 893.310""", 2, 1," ""32.852388; -117.184347; 278; 154; -121.3; 134498; -56.0; 03/09/2021; 18:01:10; 03/09/2021; 18:04:12""", 1," ""32.852388; -117.184347; 278; 154; -121.3; 134498""", 0," """""," ""4; 54; 8; 6162; 44""", 1," ""32.839059; -117.173100""", 144.66, 0
CDMA-00004-00054-0008-06163, 1," ""0; 777; 893.310""", 2, 1," ""32.853849; -117.182022; 366; 138; -119.4; 158676; -36.2; 03/09/2021; 18:01:04; 03/09/2021; 18:03:55""", 1," ""32.853849; -117.182022; 366; 138; -119.4; 158676""", 0," """""," ""4; 54; 8; 6163; 48""", 1," ""32.855337; -117.183014""", 330.76, 0
CDMA-04145-00001-0002-00257, 2," ""1; 950; 1977.500 | 1; 975; 1978.750""", 2, 1," ""32.724511; -117.166327; 196; 157; -163.1; 96673; -46.6; 03/09/2021; 18:17:21; 03/09/2021; 18:57:53""", 1," ""32.724412; -117.166318; 193; 154; -158.3; 93374""", 0," """""," ""4145; 1; 2; 257; 147""", 1," ""32.725646; -117.164956""", 42.89, 0
CDMA-04145-00001-0002-00259, 2," ""1; 950; 1977.500 | 1; 975; 1978.750""", 2, 1," ""32.720432; -117.156414; 180; 166; -117.8; 93871; -43.8; 03/09/2021; 18:10:46; 03/09/2021; 19:08:25""", 1," ""32.720433; -117.156021; 193; 170; -110.8; 103076""", 0," """""," ""4145; 1; 2; 259; 39""", 1," ""32.713728; -117.149642""", 141.33, 0
CDMA-04145-00001-0002-00260, 1," ""1; 950; 1977.500""", 2, 1," ""32.716937; -117.164568; 212; 165; -42.3; 109893; -40.8; 03/09/2021; 18:14:38; 03/09/2021; 19:02:57""", 1," ""32.716937; -117.164568; 212; 165; -42.3; 109893""", 0," """""," ""4145; 1; 2; 260; 66""", 1," ""32.716767; -117.166329""", 263.46, 0
CDMA-04145-00001-0002-00271, 2," ""1; 950; 1977.500 | 1; 975; 1978.750""", 2, 1," ""32.764311; -117.161881; 284; 166; -86.9; 148107; -58.0; 03/09/2021; 18:07:32; 03/09/2021; 18:09:08""", 1," ""32.764402; -117.161363; 301; 179; -91.4; 169266""", 0," """""," ""4145; 1; 2; 271; 246""", 0," """"", , 0
CDMA-04145-00001-0002-00275, 2," ""1; 950; 1977.500 | 1; 975; 1978.750""", 2, 1," ""32.713520; -117.153447; 220; 217; -1.5; 149980; -38.1; 03/09/2021; 18:46:17; 03/09/2021; 19:10:46""", 1," ""32.713520; -117.153447; 220; 217; -1.5; 149980""", 0," """""," ""4145; 1; 2; 275; 57""", 1," ""32.713685; -117.154999""", 277.19, 1
CDMA-04145-00001-0002-00292, 2," ""1; 950; 1977.500 | 1; 975; 1978.750""", 2, 1," ""32.721288; -117.167956; 199; 159; -93.6; 99403; -36.7; 03/09/2021; 18:27:30; 03/09/2021; 19:00:17""", 1," ""32.721245; -117.167717; 213; 157; -92.5; 105058""", 0," """""," ""4145; 1; 2; 292; 120""", 1," ""32.721087; -117.167635""", 156.36, 0
CDMA-04145-00001-0002-00374, 1," ""1; 950; 1977.500""", 2, 1," ""32.721598; -117.160417; 255; 190; -121.9; 152210; -48.8; 03/09/2021; 18:14:46; 03/09/2021; 18:27:14""", 1," ""32.721598; -117.160417; 255; 190; -121.9; 152210""", 0," """""," ""4145; 1; 2; 374; 48""", 0," """"", , 0
CDMA-04145-00001-0002-00406, 2," ""1; 950; 1977.500 | 1; 975; 1978.750""", 2, 1," ""32.744007; -117.156821; 370; 155; -91.4; 180170; -44.9; 03/09/2021; 18:09:05; 03/09/2021; 18:10:53""", 1," ""32.744043; -117.157181; 351; 164; -89.3; 180843""", 0," """""," ""4145; 1; 2; 406; 273""", 0," """"", , 0
CDMA-04145-00001-0002-00471, 2," ""1; 950; 1977.500 | 1; 975; 1978.750""", 2, 1," ""32.710401; -117.155717; 168; 161; -123.0; 84974; -45.6; 03/09/2021; 18:10:39; 03/09/2021; 19:10:46""", 1," ""32.710492; -117.155800; 165; 160; -132.5; 82938""", 0," """""," ""4145; 1; 2; 471; 129""", 1," ""32.711346; -117.155901""", 354.34, 0
CDMA-04145-00001-0002-00483, 2," ""1; 950; 1977.500 | 1; 975; 1978.750""", 2, 1," ""32.711871; -117.168328; 181; 159; -130.8; 90412; -46.0; 03/09/2021; 18:34:01; 03/09/2021; 18:53:26""", 1," ""32.711883; -117.168420; 197; 171; -138.2; 105831""", 0," """""," ""4145; 1; 2; 483; 12""", 1," ""32.710622; -117.167543""", 149.67, 0
CDMA-04145-00001-0002-00492, 2," ""1; 950; 1977.500 | 1; 975; 1978.750""", 2, 1," ""32.718622; -117.170823; 566; 272; -97.3; 483654; -32.8; 03/09/2021; 18:52:10; 03/09/2021; 19:00:17""", 1," ""32.717885; -117.169678; 284; 195; -101.2; 173981""", 0," """""," ""4145; 1; 2; 492; 156""", 0," """"", , 0
CDMA-04145-00001-0002-00513, 2," ""1; 950; 1977.500 | 1; 975; 1978.750""", 2, 1," ""32.724737; -117.166031; 219; 180; -150.1; 123842; -44.5; 03/09/2021; 18:17:18; 03/09/2021; 18:57:50""", 1," ""32.724539; -117.166303; 225; 166; -129.0; 117338""", 0," """""," ""4145; 1; 2; 513; 150""", 1," ""32.720827; -117.162977""", 142.99, 0
CDMA-04145-00001-0002-00515, 2," ""1; 950; 1977.500 | 1; 975; 1978.750""", 2, 1," ""32.719579; -117.154837; 460; 286; -70.9; 413308; -51.0; 03/09/2021; 18:10:53; 03/09/2021; 18:14:06""", 1," ""32.719601; -117.156138; 310; 186; -102.2; 181144""", 0," """""," ""4145; 1; 2; 515; 42""", 1," ""32.719529; -117.155567""", 98.57, 0
CDMA-04145-00001-0002-00516, 1," ""1; 950; 1977.500""", 2, 1," ""32.715331; -117.163717; 223; 151; -174.9; 105787; -39.2; 03/09/2021; 18:51:56; 03/09/2021; 19:05:52""", 1," ""32.715331; -117.163717; 223; 151; -174.9; 105787""", 0," """""," ""4145; 1; 2; 516; 69""", 1," ""32.715676; -117.162465""", 71.88, 0
CDMA-04145-00001-0002-00517, 2," ""1; 950; 1977.500 | 1; 975; 1978.750""", 2, 1," ""32.706954; -117.160090; 254; 199; -163.9; 158795; -38.9; 03/09/2021; 18:37:18; 03/09/2021; 18:41:20""", 1," ""32.706912; -117.160115; 241; 191; -163.5; 144611""", 0," """""," ""4145; 1; 2; 517; 168""", 1," ""32.706892; -117.160424""", 265.69, 0
CDMA-04145-00001-0002-00527, 2," ""1; 950; 1977.500 | 1; 975; 1978.750""", 2, 1," ""32.764174; -117.166983; 399; 162; -90.3; 203066; -49.7; 03/09/2021; 18:07:45; 03/09/2021; 18:09:08""", 1," ""32.764212; -117.164600; 329; 164; -91.8; 169508""", 0," """""," ""4145; 1; 2; 527; 249""", 1," ""32.760607; -117.162709""", 156.19, 0
CDMA-04145-00001-0002-00531, 2," ""1; 950; 1977.500 | 1; 975; 1978.750""", 2, 1," ""32.712914; -117.152175; 200; 173; -97.7; 108699; -42.8; 03/09/2021; 18:43:47; 03/09/2021; 19:09:31""", 1," ""32.712600; -117.152495; 210; 190; -107.0; 125350""", 0," """""," ""4145; 1; 2; 531; 60""", 1," ""32.713697; -117.152377""", 5.19, 0
CDMA-04145-00001-0002-00548, 2," ""1; 950; 1977.500 | 1; 975; 1978.750""", 2, 1," ""32.720826; -117.167430; 184; 172; -133.7; 99425; -38.1; 03/09/2021; 18:16:46; 03/09/2021; 19:00:16""", 1," ""32.720941; -117.167474; 182; 167; -123.7; 95486""", 0," """""," ""4145; 1; 2; 548; 126""", 1," ""32.720967; -117.163582""", 89.55, 0
CDMA-04145-00001-0002-00630, 2," ""1; 950; 1977.500 | 1; 975; 1978.750""", 2, 1," ""32.720986; -117.158858; 10236; 10177; -179.6; 327265273; -31.3; 03/09/2021; 18:24:36; 03/09/2021; 18:27:27""", 1," ""32.721106; -117.158419; 232; 219; -136.4; 159618""", 0," """""," ""4145; 1; 2; 630; 51""", 1," ""32.720984; -117.159172""", 259.11, 0
CDMA-04145-00001-0002-00662, 2," ""1; 950; 1977.500 | 1; 975; 1978.750""", 2, 1," ""32.741625; -117.157339; 392; 182; -89.0; 224134; -58.0; 03/09/2021; 18:09:28; 03/09/2021; 18:11:05""", 1," ""32.741357; -117.157351; 362; 170; -90.0; 193334""", 0," """""," ""4145; 1; 2; 662; 276""", 1," ""32.739852; -117.156494""", 154.40, 0
CDMA-04145-00001-0002-00727, 2," ""1; 950; 1977.500 | 1; 975; 1978.750""", 2, 1," ""32.708287; -117.155939; 304; 208; -46.6; 198649; -47.0; 03/09/2021; 18:12:37; 03/09/2021; 19:08:12""", 1," ""32.708565; -117.156100; 285; 194; -50.7; 173699""", 0," """""," ""4145; 1; 2; 727; 33""", 0," """"", , 0
CDMA-04145-00001-0002-00769, 2," ""1; 950; 1977.500 | 1; 975; 1978.750""", 2, 1," ""32.724396; -117.167746; 205; 189; -75.3; 121721; -49.5; 03/09/2021; 18:29:01; 03/09/2021; 18:58:22""", 1," ""32.724577; -117.167702; 193; 177; -66.9; 107320""", 0," """""," ""4145; 1; 2; 769; 153""", 1," ""32.724526; -117.168310""", 264.26, 0
CDMA-04145-00001-0002-00771, 2," ""1; 950; 1977.500 | 1; 975; 1978.750""", 2, 1," ""32.719267; -117.156388; 240; 225; -159.7; 169646; -50.0; 03/09/2021; 18:10:54; 03/09/2021; 18:27:27""", 1," ""32.719222; -117.156590; 210; 200; -151.4; 131947""", 0," """""," ""4145; 1; 2; 771; 45""", 1," ""32.719703; -117.156542""", 4.79, 0
CDMA-04145-00001-0002-00772, 1," ""1; 950; 1977.500""", 2, 1," ""32.715071; -117.164119; 259; 184; -4.8; 149716; -46.7; 03/09/2021; 18:27:58; 03/09/2021; 19:04:26""", 1," ""32.715071; -117.164119; 259; 184; -4.8; 149716""", 0," """""," ""4145; 1; 2; 772; 72""", 1," ""32.715652; -117.163732""", 29.25, 0
CDMA-04145-00001-0002-00773, 2," ""1; 950; 1977.500 | 1; 975; 1978.750""", 2, 1," ""32.707819; -117.161670; 260; 171; -150.2; 139675; -39.6; 03/09/2021; 18:36:39; 03/09/2021; 18:40:56""", 1," ""32.707961; -117.161824; 293; 192; -152.2; 176733""", 0," """""," ""4145; 1; 2; 773; 171""", 0," """"", , 0
CDMA-04145-00001-0002-00787, 2," ""1; 950; 1977.500 | 1; 975; 1978.750""", 2, 1," ""32.712653; -117.154091; 288; 225; -174.5; 203575; -32.2; 03/09/2021; 18:46:10; 03/09/2021; 19:10:38""", 1," ""32.712715; -117.153960; 279; 225; -170.6; 197213""", 0," """""," ""4145; 1; 2; 787; 63""", 1," ""32.713633; -117.159890""", 280.43, 0
CDMA-04145-00001-0002-00799, 2," ""1; 950; 1977.500 | 1; 975; 1978.750""", 2, 1," ""32.724128; -117.173705; 385; 218; -73.3; 263674; -34.2; 03/09/2021; 18:30:57; 03/09/2021; 18:34:02""", 1," ""32.724128; -117.173705; 385; 218; -73.3; 263674""", 0," """""," ""4145; 1; 2; 799; 189""", 1," ""32.724303; -117.173251""", 65.33, 0
CDMA-04145-00001-0002-00804, 2," ""1; 950; 1977.500 | 1; 975; 1978.750""", 2, 1," ""32.719939; -117.168029; 263; 177; -99.4; 146244; -40.1; 03/09/2021; 18:28:41; 03/09/2021; 18:59:58""", 1," ""32.720190; -117.167855; 255; 175; -95.4; 140194""", 0," """""," ""4145; 1; 2; 804; 123""", 0," """"", , 0
CDMA-04145-00001-0002-00886, 2," ""1; 950; 1977.500 | 1; 975; 1978.750""", 2, 1," ""32.720129; -117.159579; 202; 184; -138.4; 116767; -39.5; 03/09/2021; 18:13:40; 03/09/2021; 18:29:01""", 1," ""32.720266; -117.159573; 207; 185; -135.4; 120307""", 0," """""," ""4145; 1; 2; 886; 54""", 1," ""32.720103; -117.160153""", 251.50, 0
CDMA-04145-00001-0002-00931, 2," ""1; 950; 1977.500 | 1; 975; 1978.750""", 2, 1," ""32.711818; -117.158513; 219; 183; -7.1; 125906; -39.7; 03/09/2021; 18:40:47; 03/09/2021; 18:49:39""", 1," ""32.711818; -117.158513; 219; 183; -7.1; 125906""", 0," """""," ""4145; 1; 2; 931; 81""", 1," ""32.711548; -117.158275""", 143.37, 0
CDMA-04145-00001-0002-00979, 2," ""1; 950; 1977.500 | 1; 975; 1978.750""", 2, 1," ""32.772754; -117.162729; 314; 169; -90.2; 166712; -45.4; 03/09/2021; 18:07:15; 03/09/2021; 18:08:13""", 1," ""32.772712; -117.162789; 350; 185; -87.0; 203418""", 0," """""," ""4145; 1; 2; 979; 261""", 1," ""32.775422; -117.161822""", 16.69, 0
CDMA-04145-00001-0002-00983, 2," ""1; 950; 1977.500 | 1; 975; 1978.750""", 2, 1," ""32.709511; -117.157800; 260; 215; -5.8; 175615; -47.4; 03/09/2021; 18:37:21; 03/09/2021; 18:53:31""", 1," ""32.709447; -117.157677; 246; 208; -6.7; 160749""", 0," """""," ""4145; 1; 2; 983; 135""", 0," """"", , 0
CDMA-04145-00001-0002-00987, 2," ""1; 950; 1977.500 | 1; 975; 1978.750""", 2, 1," ""32.711957; -117.162414; 248; 177; -163.7; 137903; -30.5; 03/09/2021; 18:35:28; 03/09/2021; 18:50:54""", 1," ""32.711947; -117.162316; 257; 181; -168.1; 146137""", 0," """""," ""4145; 1; 2; 987; 99""", 1," ""32.711546; -117.164175""", 255.62, 0
CDMA-04145-00001-0002-00995, 2," ""1; 950; 1977.500 | 1; 975; 1978.750""", 2, 1," ""32.712866; -117.172352; 259; 231; -126.7; 187958; -46.6; 03/09/2021; 18:33:46; 03/09/2021; 18:53:04""", 1," ""32.712866; -117.172352; 259; 231; -126.7; 187958""", 0," """""," ""4145; 1; 2; 995; 18""", 1," ""32.713943; -117.172632""", 347.68, 0
CDMA-04145-00001-0002-00997, 2," ""1; 950; 1977.500 | 1; 975; 1978.750""", 2, 1," ""32.709263; -117.153072; 249; 201; -27.9; 157234; -44.2; 03/09/2021; 18:39:19; 03/09/2021; 18:47:50""", 1," ""32.709380; -117.152796; 228; 189; -25.4; 135378""", 0," """""," ""4145; 1; 2; 997; 180""", 0," """"", , 0
CDMA-04145-00001-0002-04412, 2," ""1; 950; 1977.500 | 1; 975; 1978.750""", 2, 1," ""32.715698; -117.162951; 196; 172; -21.2; 105909; -47.9; 03/09/2021; 18:15:09; 03/09/2021; 19:04:48""", 1," ""32.715328; -117.163009; 236; 182; -20.3; 134938""", 0," """""," ""4145; 1; 2; 4412; 84""", 1," ""32.718833; -117.161130""", 24.27, 0
CDMA-04145-00001-0002-04668, 2," ""1; 950; 1977.500 | 1; 975; 1978.750""", 2, 1," ""32.713543; -117.163089; 340; 243; -164.1; 259558; -44.0; 03/09/2021; 18:35:53; 03/09/2021; 19:11:10""", 1," ""32.713246; -117.162816; 289; 235; -132.1; 213361""", 0," """""," ""4145; 1; 2; 4668; 87""", 1," ""32.711544; -117.165188""", 229.54, 0
CDMA-04145-00001-0002-04924, 2," ""1; 950; 1977.500 | 1; 975; 1978.750""", 2, 1," ""32.714650; -117.165548; 232; 204; -178.2; 148685; -43.8; 03/09/2021; 18:34:01; 03/09/2021; 19:05:01""", 1," ""32.714346; -117.165475; 237; 213; -113.3; 158591""", 0," """""," ""4145; 1; 2; 4924; 90""", 1," ""32.714005; -117.165412""", 171.20, 0
CDMA-04145-00007-0004-08476, 2," ""1; 950; 1977.500 | 1; 975; 1978.750""", 2, 1," ""32.852376; -117.178668; 4928; 1479; -46.2; 22897536; -36.2; 03/09/2021; 18:00:52; 03/09/2021; 18:02:15""", 1," ""32.855033; -117.182784; 239; 192; -122.3; 144161""", 0," """""," ""4145; 7; 4; 8476; 201""", 1," ""32.855914; -117.183372""", 330.73, 0
CDMA-04145-00007-0004-08487, 2," ""1; 950; 1977.500 | 1; 975; 1978.750""", 2, 1," ""32.801936; -117.153056; 475; 219; -72.6; 326804; -52.4; 03/09/2021; 18:05:11; 03/09/2021; 18:06:41""", 1," ""32.801676; -117.153055; 348; 175; -64.0; 191323""", 0," """""," ""4145; 7; 4; 8487; 435""", 1," ""32.804617; -117.154610""", 336.03, 0
CDMA-04145-00007-0004-08601, 1," ""1; 975; 1978.750""", 2, 1," ""32.816934; -117.160133; 390; 175; -119.0; 214414; -55.6; 03/09/2021; 18:03:46; 03/09/2021; 18:05:13""", 1," ""32.816934; -117.160133; 390; 175; -119.0; 214414""", 0," """""," ""4145; 7; 4; 8601; 210""", 1," ""32.825132; -117.164641""", 335.20, 0
CDMA-04145-00007-0004-08913, 2," ""1; 950; 1977.500 | 1; 975; 1978.750""", 2, 1," ""32.889727; -117.202001; 473; 244; -41.7; 362577; -58.6; 03/09/2021; 17:58:42; 03/09/2021; 18:00:16""", 1," ""32.889025; -117.200391; 272; 207; -31.0; 176884""", 0," """""," ""4145; 7; 4; 8913; 150""", 1," ""32.888939; -117.203021""", 267.78, 0
CDMA-04145-00007-0004-09110, 2," ""1; 950; 1977.500 | 1; 975; 1978.750""", 2, 1," ""32.829444; -117.175926; 548; 204; -163.9; 351205; -60.4; 03/09/2021; 18:00:55; 03/09/2021; 18:03:41""", 1," ""32.830035; -117.175774; 409; 185; -155.1; 237709""", 0," """""," ""4145; 7; 4; 9110; 90""", 1," ""32.869196; -117.194496""", 338.12, 0
CDMA-04145-00007-0004-09113, 2," ""1; 950; 1977.500 | 1; 975; 1978.750""", 2, 1," ""32.817218; -117.159296; 331; 174; -122.6; 180937; -34.7; 03/09/2021; 18:04:17; 03/09/2021; 18:05:24""", 1," ""32.816994; -117.159914; 372; 176; -119.4; 205686""", 0," """""," ""4145; 7; 4; 9113; 216""", 1," ""32.816460; -117.159657""", 157.96, 0
CDMA-04145-00007-0008-04683, 2," ""1; 950; 1977.500 | 1; 975; 1978.750""", 2, 1," ""32.889849; -117.187925; 234; 147; -168.6; 108065; -62.9; 03/09/2021; 17:47:17; 03/09/2021; 17:59:10""", 1," ""32.890061; -117.187932; 220; 144; -168.7; 99526""", 0," """""," ""4145; 7; 8; 4683; 168""", 1," ""32.890004; -117.180926""", 90.55, 0
CDMA-04145-00007-0008-04939, 2," ""1; 950; 1977.500 | 1; 975; 1978.750""", 2, 1," ""32.890013; -117.190574; 395; 187; -34.3; 232054; -54.2; 03/09/2021; 17:57:27; 03/09/2021; 17:59:59""", 1," ""32.889930; -117.190599; 363; 194; -35.3; 221237""", 0," """""," ""4145; 7; 8; 4939; 171""", 1," ""32.891790; -117.192931""", 313.53, 0
CDMA-04145-00007-0008-04995, 2," ""1; 950; 1977.500 | 1; 975; 1978.750""", 2, 1," ""32.889499; -117.180457; 989; 299; -62.3; 929004; -68.9; 03/09/2021; 17:46:49; 03/09/2021; 17:59:53""", 1," ""32.889941; -117.181576; 356; 153; -19.2; 171116""", 0," """""," ""4145; 7; 8; 4995; 468""", 1," ""32.890226; -117.181255""", 43.34, 0
LTE-310-120-208463409, 1," ""41; 41490; 2680.000""", 1, 1," ""32.722214; -117.167663; 225; 156; -92.7; 110270; -60.4; 03/09/2021; 18:55:02; 03/09/2021; 19:01:26""", 0," """"", 0," """""," ""310; 120; 12170; 208463409; 341""", 1," ""32.721858; -117.167497""", 158.50, 0
LTE-311-480-010417921, 1," ""13; 5230; 751.000""", 1, 1," ""32.707131; -117.159457; 136; 128; -155.8; 54689; -44.6; 03/09/2021; 18:38:10; 03/09/2021; 18:41:18""", 0," """"", 0," """""," ""311; 480; 10245; 10417921; 279""", 1," ""32.707057; -117.160121""", 262.41, 0
LTE-310-260-045484556, 1," ""2; 875; 1957.500""", 1, 1," ""32.711898; -117.170235; 212; 175; -165.2; 116553; -64.5; 03/09/2021; 18:34:50; 03/09/2021; 18:39:59""", 0," """"", 0," """""," ""310; 260; 12170; 45484556; 160""", 1," ""32.707730; -117.162194""", 121.63, 0
LTE-310-410-079584273, 1," ""17; 5780; 739.000""", 1, 1," ""32.723296; -117.172430; 291; 262; -65.0; 239521; -49.2; 03/09/2021; 18:30:45; 03/09/2021; 18:32:49""", 0," """"", 0," """""," ""310; 410; 33544; 79584273; 386""", 0," """"", , 0
LTE-310-410-079453463, 1," ""4; 2200; 2135.000""", 1, 1," ""32.716527; -117.156012; 332; 208; -16.4; 216946; -59.9; 03/09/2021; 18:22:58; 03/09/2021; 19:07:00""", 0," """"", 0," """""," ""310; 410; 33544; 79453463; 194""", 0," """"", , 0
LTE-310-410-080221457, 1," ""17; 5780; 739.000""", 1, 1," ""32.717669; -117.155842; 308; 202; -40.3; 195457; -49.0; 03/09/2021; 18:12:48; 03/09/2021; 18:24:19""", 0," """"", 0," """""," ""310; 410; 33544; 80221457; 65""", 0," """"", , 0
LTE-310-410-080221450, 1," ""2; 700; 1940.000""", 1, 1," ""32.718656; -117.156289; 200; 162; -4.2; 101788; -60.3; 03/09/2021; 18:12:57; 03/09/2021; 18:24:19""", 0," """"", 0," """""," ""310; 410; 33544; 80221450; 186""", 1," ""32.718146; -117.157239""", 237.47, 0
LTE-310-410-080197047, 1," ""66; 66986; 2165.000""", 1, 1," ""32.711558; -117.157997; 190; 152; -8.3; 90729; -64.6; 03/09/2021; 18:41:26; 03/09/2021; 18:49:26""", 0," """"", 0," """""," ""310; 410; 33549; 80197047; 327""", 1," ""32.711481; -117.156126""", 92.78, 0
LTE-310-260-047307837, 1," ""71; 68636; 622.000""", 1, 1," ""32.714374; -117.168277; 331; 193; -128.2; 200694; -70.6; 03/09/2021; 18:51:00; 03/09/2021; 19:03:37""", 0," """"", 0," """""," ""310; 260; 12170; 47307837; 159""", 0," """"", , 0
LTE-310-410-081566486, 1," ""4; 2200; 2135.000""", 1, 1," ""32.708111; -117.160857; 327; 251; -140.3; 257852; -68.4; 03/09/2021; 18:37:16; 03/09/2021; 18:40:42""", 0," """"", 0," """""," ""310; 410; 33549; 81566486; 208""", 0," """"", , 0
LTE-310-120-208410673, 1," ""41; 41490; 2680.000""", 1, 1," ""32.717259; -117.173586; 324; 234; -97.3; 238183; -70.6; 03/09/2021; 18:31:19; 03/09/2021; 18:36:35""", 0," """"", 0," """""," ""310; 120; 12170; 208410673; 463""", 0," """"", , 0
LTE-310-120-209086017, 1," ""41; 39793; 2510.300""", 1, 1," ""32.712530; -117.152962; 306; 188; -6.3; 180730; -60.2; 03/09/2021; 19:05:14; 03/09/2021; 19:10:48""", 0," """"", 0," """""," ""310; 120; 12170; 209086017; 167""", 0," """"", , 0
LTE-310-410-079563535, 1," ""17; 5780; 739.000""", 1, 1," ""32.716729; -117.167697; 205; 146; -109.4; 94028; -49.5; 03/09/2021; 18:52:41; 03/09/2021; 19:01:31""", 0," """"", 0," """""," ""310; 410; 33544; 79563535; 102""", 1," ""32.717580; -117.167128""", 29.37, 0
LTE-310-410-079563528, 1," ""2; 700; 1940.000""", 1, 1," ""32.716862; -117.167258; 263; 190; -114.4; 156985; -52.4; 03/09/2021; 18:52:09; 03/09/2021; 19:02:00""", 0," """"", 0," """""," ""310; 410; 33544; 79563528; 288""", 0," """"", , 0
LTE-310-410-079563536, 1," ""17; 5780; 739.000""", 1, 1," ""32.716004; -117.168026; 291; 219; -165.8; 200211; -48.9; 03/09/2021; 18:50:52; 03/09/2021; 19:00:36""", 0," """"", 0," """""," ""310; 410; 33544; 79563536; 184""", 0," """"", , 0
LTE-310-410-079563529, 1," ""2; 700; 1940.000""", 1, 1," ""32.715831; -117.167550; 229; 197; -143.3; 141727; -57.1; 03/09/2021; 18:50:53; 03/09/2021; 19:00:16""", 0," """"", 0," """""," ""310; 410; 33544; 79563529; 487""", 0," """"", , 0
LTE-310-410-079563542, 1," ""4; 2200; 2135.000""", 1, 1," ""32.716683; -117.168152; 203; 140; -113.2; 89284; -51.8; 03/09/2021; 18:52:04; 03/09/2021; 19:02:59""", 0," """"", 0," """""," ""310; 410; 33544; 79563542; 93""", 1," ""32.718204; -117.167384""", 23.02, 0
LTE-310-410-079563543, 1," ""4; 2200; 2135.000""", 1, 1," ""32.715195; -117.167861; 241; 164; -130.6; 124168; -51.5; 03/09/2021; 18:51:00; 03/09/2021; 19:02:59""", 0," """"", 0," """""," ""310; 410; 33544; 79563543; 451""", 1," ""32.717390; -117.167285""", 12.46, 0
LTE-310-410-079886743, 1," ""30; 9820; 2355.000""", 1, 1," ""32.722326; -117.160165; 257; 208; -171.3; 167937; -75.8; 03/09/2021; 18:13:56; 03/09/2021; 18:27:06""", 0," """"", 0," """""," ""310; 410; 33544; 79886743; 134""", 0," """"", , 0
LTE-311-480-010323473, 1," ""66; 66911; 2157.500""", 1, 1," ""32.718142; -117.156757; 359; 230; -8.8; 259401; -71.7; 03/09/2021; 18:12:50; 03/09/2021; 18:26:48""", 0," """"", 0," """""," ""311; 480; 10246; 10323473; 337""", 0," """"", , 0
LTE-311-480-010323483, 1," ""66; 66911; 2157.500""", 1, 1," ""32.719788; -117.156590; 170; 156; -118.7; 83315; -62.4; 03/09/2021; 18:13:19; 03/09/2021; 18:28:34""", 0," """"", 0," """""," ""311; 480; 10246; 10323483; 338""", 1," ""32.720416; -117.157882""", 300.00, 0
LTE-310-410-079563670, 1," ""30; 9820; 2355.000""", 1, 1," ""32.715810; -117.167608; 214; 159; -130.5; 106896; -64.0; 03/09/2021; 18:51:08; 03/09/2021; 19:03:12""", 0," """"", 0," """""," ""310; 410; 33544; 79563670; 195""", 1," ""32.716808; -117.167259""", 16.42, 0
LTE-310-410-079563669, 1," ""30; 9820; 2355.000""", 1, 1," ""32.716748; -117.167820; 201; 143; -113.4; 90299; -62.4; 03/09/2021; 18:51:34; 03/09/2021; 19:03:03""", 0," """"", 0," """""," ""310; 410; 33544; 79563669; 44""", 1," ""32.717626; -117.167324""", 25.42, 0
LTE-310-410-079563696, 1," ""14; 5330; 763.000""", 1, 1," ""32.715942; -117.167740; 351; 223; -172.4; 245902; -63.6; 03/09/2021; 18:51:17; 03/09/2021; 19:00:34""", 0," """"", 0," """""," ""310; 410; 33544; 79563696; 86""", 0," """"", , 0
LTE-310-120-208416049, 1," ""41; 41490; 2680.000""", 1, 1," ""32.712213; -117.151608; 309; 208; -174.9; 201916; -64.2; 03/09/2021; 18:44:18; 03/09/2021; 19:09:33""", 0," """"", 0," """""," ""310; 120; 12170; 208416049; 242""", 0," """"", , 0
LTE-310-120-208460081, 1," ""41; 41490; 2680.000""", 1, 1," ""32.708414; -117.158315; 176; 163; -58.0; 90126; -66.9; 03/09/2021; 18:37:32; 03/09/2021; 18:43:42""", 0," """"", 0," """""," ""310; 120; 12170; 208460081; 336""", 1," ""32.708364; -117.158287""", 155.22, 0
LTE-310-410-081566646, 1," ""66; 66986; 2165.000""", 1, 1," ""32.706723; -117.162017; 331; 233; -145.0; 242289; -70.2; 03/09/2021; 18:37:21; 03/09/2021; 18:40:56""", 0," """"", 0," """""," ""310; 410; 33549; 81566646; 492""", 0," """"", , 0
LTE-310-410-079886609, 1," ""17; 5780; 739.000""", 1, 1," ""32.720739; -117.159705; 239; 155; -3.8; 116380; -44.0; 03/09/2021; 18:21:30; 03/09/2021; 18:26:51""", 0," """"", 0," """""," ""310; 410; 33544; 79886609; 160""", 1," ""32.720964; -117.159210""", 61.59, 0
LTE-310-410-079886608, 1," ""17; 5780; 739.000""", 1, 1," ""32.721314; -117.159174; 339; 177; -3.7; 188505; -45.6; 03/09/2021; 18:21:44; 03/09/2021; 18:27:24""", 0," """"", 0," """""," ""310; 410; 33544; 79886608; 90""", 0," """"", , 0
LTE-310-410-079886612, 1," ""17; 5780; 739.000""", 1, 1," ""32.722289; -117.160678; 253; 185; -126.6; 147042; -50.8; 03/09/2021; 18:15:31; 03/09/2021; 18:28:48""", 0," """"", 0," """""," ""310; 410; 33544; 79886612; 430""", 0," """"", , 0
LTE-310-410-079416982, 1," ""30; 9820; 2355.000""", 1, 1," ""32.889247; -117.198148; 317; 210; -22.4; 209136; -93.0; 03/09/2021; 17:51:55; 03/09/2021; 17:59:53""", 0," """"", 0," """""," ""310; 410; 33546; 79416982; 264""", 0," """"", , 0
LTE-311-480-010279939, 1," ""13; 5230; 751.000""", 1, 1," ""32.715747; -117.155543; 282; 239; -0.6; 211737; -44.4; 03/09/2021; 19:04:28; 03/09/2021; 19:08:03""", 0," """"", 0," """""," ""311; 480; 10245; 10279939; 275""", 0," """"", , 0
LTE-311-480-010393636, 1," ""66; 67086; 2175.000""", 1, 1," ""32.713313; -117.171197; 320; 227; -97.8; 228205; -78.7; 03/09/2021; 18:33:14; 03/09/2021; 18:57:10""", 0," """"", 0," """""," ""311; 480; 10246; 10393636; 149""", 0," """"", , 0
LTE-310-120-209084219, 1," ""41; 39991; 2530.100""", 1, 1," ""32.719116; -117.159244; 234; 220; -145.6; 161729; -71.1; 03/09/2021; 18:14:09; 03/09/2021; 18:27:49""", 0," """"", 0," """""," ""310; 120; 12170; 209084219; 20""", 0," """"", , 0
LTE-310-410-079454869, 1," ""30; 9820; 2355.000""", 1, 1," ""32.720204; -117.164888; 251; 176; -111.8; 138783; -62.8; 03/09/2021; 18:15:20; 03/09/2021; 18:29:55""", 0," """"", 0," """""," ""310; 410; 33544; 79454869; 423""", 0," """"", , 0
LTE-310-260-046003459, 1," ""4; 2050; 2120.000""", 1, 1," ""32.721791; -117.161269; 249; 186; -104.5; 145500; -64.9; 03/09/2021; 18:16:18; 03/09/2021; 18:29:24""", 0," """"", 0," """""," ""310; 260; 12170; 46003459; 354""", 0," """"", , 0
LTE-310-120-209084211, 1," ""41; 40189; 2549.900""", 1, 1," ""32.720235; -117.159459; 177; 172; -177.5; 95643; -68.8; 03/09/2021; 18:14:11; 03/09/2021; 18:27:51""", 0," """"", 0," """""," ""310; 120; 12170; 209084211; 20""", 1," ""32.720631; -117.159356""", 12.26, 0
LTE-310-120-209084227, 1," ""41; 39793; 2510.300""", 1, 1," ""32.720204; -117.159271; 287; 255; -139.6; 229917; -66.7; 03/09/2021; 18:14:07; 03/09/2021; 18:27:46""", 0," """"", 0," """""," ""310; 120; 12170; 209084227; 20""", 0," """"", , 0
LTE-310-120-207752475, 1," ""26; 8751; 865.100""", 1, 1," ""32.719455; -117.156505; 187; 173; -119.2; 101634; -46.0; 03/09/2021; 18:13:01; 03/09/2021; 18:25:51""", 0," """"", 0," """""," ""310; 120; 12170; 207752475; 227""", 1," ""32.719779; -117.158693""", 279.99, 0
LTE-310-120-207754777, 1," ""26; 8751; 865.100""", 1, 1," ""32.713208; -117.153122; 207; 137; -6.5; 89092; -44.8; 03/09/2021; 19:07:10; 03/09/2021; 19:10:49""", 0," """"", 0," """""," ""310; 120; 12170; 207754777; 167""", 1," ""32.713694; -117.154556""", 291.92, 0
LTE-310-120-207754771, 1," ""25; 8640; 1990.000""", 1, 1," ""32.713364; -117.153667; 318; 226; -4.4; 225780; -52.5; 03/09/2021; 19:08:07; 03/09/2021; 19:10:51""", 0," """"", 0," """""," ""310; 120; 12170; 207754771; 237""", 0," """"", , 0
LTE-310-120-207754769, 1," ""25; 8640; 1990.000""", 1, 1," ""32.713330; -117.153025; 255; 163; -175.6; 130580; -54.8; 03/09/2021; 19:05:18; 03/09/2021; 19:09:55""", 0," """"", 0," """""," ""310; 120; 12170; 207754769; 167""", 1," ""32.713773; -117.154360""", 291.50, 0
LTE-310-120-207751705, 1," ""26; 8751; 865.100""", 1, 1," ""32.718662; -117.169273; 271; 212; -83.5; 180491; -46.2; 03/09/2021; 18:53:07; 03/09/2021; 18:56:06""", 0," """"", 0," """""," ""310; 120; 12170; 207751705; 172""", 0," """"", , 0
LTE-310-260-048855949, 1," ""41; 41292; 2660.200""", 1, 1," ""32.724637; -117.171591; 268; 211; -76.1; 177651; -80.8; 03/09/2021; 18:30:37; 03/09/2021; 19:00:29""", 0," """"", 0," """""," ""310; 260; 12170; 48855949; 309""", 0," """"", , 0
LTE-310-260-048855939, 1," ""41; 41094; 2640.400""", 1, 1," ""32.723992; -117.171898; 258; 233; -82.0; 188854; -78.4; 03/09/2021; 18:30:37; 03/09/2021; 18:37:14""", 0," """"", 0," """""," ""310; 260; 12170; 48855939; 309""", 0," """"", , 0
LTE-310-260-048855940, 1," ""41; 41094; 2640.400""", 1, 1," ""32.722266; -117.171890; 358; 227; -82.2; 255305; -86.5; 03/09/2021; 18:30:17; 03/09/2021; 19:00:29""", 0," """"", 0," """""," ""310; 260; 12170; 48855940; 310""", 0," """"", , 0
LTE-310-260-048855951, 1," ""41; 41292; 2660.200""", 1, 1," ""32.723646; -117.168900; 300; 207; -97.3; 195093; -86.4; 03/09/2021; 18:31:07; 03/09/2021; 19:00:08""", 0," """"", 0," """""," ""310; 260; 12170; 48855951; 311""", 0," """"", , 0
LTE-310-260-022078217, 1," ""2; 875; 1957.500""", 1, 1," ""32.714412; -117.149348; 263; 198; -65.0; 163595; -57.6; 03/09/2021; 19:04:57; 03/09/2021; 19:09:52""", 0," """"", 0," """""," ""310; 260; 12170; 22078217; 69""", 0," """"", , 0
LTE-310-260-047572759, 1," ""12; 5035; 731.500""", 1, 1," ""32.716188; -117.153224; 322; 221; -9.8; 223562; -60.6; 03/09/2021; 19:04:40; 03/09/2021; 19:09:50""", 0," """"", 0," """""," ""310; 260; 12170; 47572759; 352""", 0," """"", , 0
LTE-310-120-209081403, 1," ""41; 39991; 2530.100""", 1, 1," ""32.715944; -117.163960; 273; 213; -157.4; 182680; -74.5; 03/09/2021; 18:51:24; 03/09/2021; 19:03:37""", 0," """"", 0," """""," ""310; 120; 12170; 209081403; 37""", 0," """"", , 0
LTE-310-120-209082433, 1," ""41; 39793; 2510.300""", 1, 1," ""32.720990; -117.167544; 382; 222; -81.7; 266420; -64.4; 03/09/2021; 18:55:15; 03/09/2021; 19:00:20""", 0," """"", 0," """""," ""310; 120; 12170; 209082433; 312""", 0," """"", , 0
LTE-310-120-209082425, 1," ""41; 39991; 2530.100""", 1, 1," ""32.720980; -117.167526; 221; 175; -82.4; 121501; -69.3; 03/09/2021; 18:55:17; 03/09/2021; 19:00:22""", 0," """"", 0," """""," ""310; 120; 12170; 209082425; 312""", 1," ""32.721088; -117.167516""", 4.37, 0
LTE-310-260-047732543, 1," ""71; 68636; 622.000""", 1, 1," ""32.709336; -117.151913; 193; 151; -3.4; 91555; -48.2; 03/09/2021; 18:44:13; 03/09/2021; 18:47:57""", 0," """"", 0," """""," ""310; 260; 12170; 47732543; 405""", 1," ""32.709438; -117.152545""", 280.81, 0
LTE-310-260-047732501, 1," ""12; 5035; 731.500""", 1, 1," ""32.709318; -117.151329; 195; 145; -3.8; 88829; -46.8; 03/09/2021; 18:44:12; 03/09/2021; 18:47:49""", 0," """"", 0," """""," ""310; 260; 12170; 47732501; 406""", 1," ""32.709429; -117.151225""", 37.91, 0
LTE-310-260-047732541, 1," ""71; 68636; 622.000""", 1, 1," ""32.709386; -117.151247; 179; 119; -2.2; 66919; -44.8; 03/09/2021; 18:41:36; 03/09/2021; 18:48:27""", 0," """"", 0," """""," ""310; 260; 12170; 47732541; 406""", 1," ""32.709454; -117.151792""", 278.36, 0
LTE-310-120-209082434, 1," ""41; 39793; 2510.300""", 1, 1," ""32.720742; -117.167364; 312; 187; -96.9; 183293; -69.6; 03/09/2021; 18:27:11; 03/09/2021; 19:00:20""", 0," """"", 0," """""," ""310; 120; 12170; 209082434; 143""", 0," """"", , 0
LTE-311-480-013836056, 1," ""2; 1000; 1970.000""", 1, 1," ""32.892086; -117.194834; 244; 186; -9.3; 142578; -63.8; 03/09/2021; 17:57:47; 03/09/2021; 17:59:52""", 0," """"", 0," """""," ""311; 480; 13826; 13836056; 73""", 0," """"", , 0
LTE-311-480-013836048, 1," ""66; 67086; 2175.000""", 1, 1," ""32.891881; -117.194118; 319; 215; -19.9; 215466; -76.3; 03/09/2021; 17:57:06; 03/09/2021; 17:59:59""", 0," """"", 0," """""," ""311; 480; 13826; 13836048; 72""", 0," """"", , 0
LTE-311-480-013836034, 1," ""13; 5230; 751.000""", 1, 1," ""32.890457; -117.194561; 380; 219; -47.9; 261443; -56.3; 03/09/2021; 17:58:19; 03/09/2021; 17:59:53""", 0," """"", 0," """""," ""311; 480; 13826; 13836034; 73""", 0," """"", , 0
LTE-311-480-013836058, 1," ""66; 67086; 2175.000""", 1, 1," ""32.891644; -117.194730; 249; 170; -21.8; 132984; -70.1; 03/09/2021; 17:57:16; 03/09/2021; 17:59:59""", 0," """"", 0," """""," ""311; 480; 13826; 13836058; 73""", 1," ""32.888666; -117.203002""", 246.79, 0
LTE-311-480-013836044, 1," ""4; 2325; 2147.500""", 1, 1," ""32.892039; -117.194334; 281; 191; -24.1; 168612; -74.8; 03/09/2021; 17:57:03; 03/09/2021; 17:59:46""", 0," """"", 0," """""," ""311; 480; 13826; 13836044; 72""", 0," """"", , 0
LTE-311-480-013836054, 1," ""4; 2325; 2147.500""", 1, 1," ""32.891693; -117.195142; 267; 196; -2.1; 164406; -67.7; 03/09/2021; 17:57:58; 03/09/2021; 17:59:56""", 0," """"", 0," """""," ""311; 480; 13826; 13836054; 73""", 0," """"", , 0
LTE-311-480-013836046, 1," ""2; 1000; 1970.000""", 1, 1," ""32.891796; -117.193943; 250; 167; -23.3; 131161; -74.4; 03/09/2021; 17:57:09; 03/09/2021; 17:59:52""", 0," """"", 0," """""," ""311; 480; 13826; 13836046; 72""", 1," ""32.889159; -117.200490""", 244.38, 0
LTE-311-480-013836033, 1," ""13; 5230; 751.000""", 1, 1," ""32.891678; -117.194178; 265; 175; -21.8; 145691; -51.7; 03/09/2021; 17:52:10; 03/09/2021; 17:58:55""", 0," """"", 0," """""," ""311; 480; 13826; 13836033; 72""", 0," """"", , 0
LTE-311-480-013836059, 1," ""66; 66911; 2157.500""", 1, 1," ""32.892011; -117.194948; 296; 236; -179.8; 219459; -74.0; 03/09/2021; 17:57:58; 03/09/2021; 17:59:55""", 0," """"", 0," """""," ""311; 480; 13826; 13836059; 73""", 0," """"", , 0
LTE-311-480-013836061, 1," ""5; 2560; 885.000""", 1, 1," ""32.892987; -117.194877; 267; 189; -16.1; 158534; -59.4; 03/09/2021; 17:57:23; 03/09/2021; 17:59:57""", 0," """"", 0," """""," ""311; 480; 13826; 13836061; 73""", 0," """"", , 0
LTE-310-120-207750170, 1," ""26; 8751; 865.100""", 1, 1," ""32.715651; -117.163576; 209; 130; -170.3; 85357; -47.3; 03/09/2021; 18:52:03; 03/09/2021; 19:04:18""", 0," """"", 0," """""," ""310; 120; 12170; 207750170; 308""", 1," ""32.716093; -117.164482""", 300.10, 0
LTE-310-120-209085505, 1," ""41; 39793; 2510.300""", 1, 1," ""32.711696; -117.168501; 438; 197; -164.0; 271075; -82.4; 03/09/2021; 18:35:54; 03/09/2021; 18:53:06""", 0," """"", 0," """""," ""310; 120; 12170; 209085505; 78""", 0," """"", , 0
LTE-310-410-080654768, 1," ""14; 5330; 763.000""", 1, 1," ""32.721805; -117.159387; 181; 129; -160.9; 73353; -55.4; 03/09/2021; 18:14:04; 03/09/2021; 18:28:44""", 0," """"", 0," """""," ""310; 410; 33544; 80654768; 200""", 1," ""32.721023; -117.159196""", 168.35, 0
LTE-310-260-021824777, 1," ""2; 875; 1957.500""", 1, 1," ""32.722329; -117.161516; 193; 175; -114.8; 106107; -64.5; 03/09/2021; 18:15:32; 03/09/2021; 18:29:30""", 0," """"", 0," """""," ""310; 260; 12170; 21824777; 354""", 1," ""32.720749; -117.162492""", 207.47, 0
LTE-310-410-080654779, 1," ""66; 66986; 2165.000""", 1, 1," ""32.720979; -117.160693; 172; 161; -119.7; 86997; -63.3; 03/09/2021; 18:15:19; 03/09/2021; 19:04:10""", 0," """"", 0," """""," ""310; 410; 33544; 80654779; 19""", 1," ""32.720727; -117.161344""", 245.26, 0
LTE-310-410-080654772, 1," ""14; 5330; 763.000""", 1, 1," ""32.721135; -117.161008; 290; 208; -125.4; 189501; -65.2; 03/09/2021; 18:15:18; 03/09/2021; 18:22:28""", 0," """"", 0," """""," ""310; 410; 33544; 80654772; 110""", 0," """"", , 0
LTE-310-410-080654776, 1," ""66; 66986; 2165.000""", 1, 1," ""32.722576; -117.160198; 317; 190; -169.8; 189218; -55.2; 03/09/2021; 18:15:00; 03/09/2021; 18:28:12""", 0," """"", 0," """""," ""310; 410; 33544; 80654776; 306""", 0," """"", , 0
LTE-311-480-010284570, 1," ""66; 67086; 2175.000""", 1, 1," ""32.715733; -117.164099; 234; 187; -145.9; 137470; -67.8; 03/09/2021; 18:51:15; 03/09/2021; 19:03:28""", 0," """"", 0," """""," ""311; 480; 10246; 10284570; 356""", 1," ""32.715676; -117.164764""", 264.16, 0
LTE-311-480-010284573, 1," ""5; 2560; 885.000""", 1, 1," ""32.715536; -117.164246; 278; 191; -153.6; 166812; -49.8; 03/09/2021; 18:51:14; 03/09/2021; 19:04:19""", 0," """"", 0," """""," ""311; 480; 10246; 10284573; 356""", 0," """"", , 0
LTE-311-480-010284560, 1," ""66; 67086; 2175.000""", 1, 1," ""32.715359; -117.164013; 267; 230; -139.3; 192925; -66.2; 03/09/2021; 18:51:15; 03/09/2021; 19:03:40""", 0," """"", 0," """""," ""311; 480; 10246; 10284560; 232""", 0," """"", , 0
LTE-310-260-046367294, 1," ""71; 68636; 622.000""", 1, 1," ""32.723028; -117.169042; 258; 171; -83.0; 138601; -61.6; 03/09/2021; 18:31:10; 03/09/2021; 18:56:38""", 0," """"", 0," """""," ""310; 260; 12170; 46367294; 310""", 0," """"", , 0
LTE-310-120-207757075, 1," ""25; 8640; 1990.000""", 1, 1," ""32.707970; -117.162110; 340; 239; -146.6; 255286; -64.4; 03/09/2021; 18:37:18; 03/09/2021; 18:40:43""", 0," """"", 0," """""," ""310; 120; 12170; 207757075; 427""", 0," """"", , 0
LTE-310-260-046367295, 1," ""71; 68636; 622.000""", 1, 1," ""32.723285; -117.170711; 344; 231; -100.6; 249644; -57.5; 03/09/2021; 18:31:10; 03/09/2021; 18:34:41""", 0," """"", 0," """""," ""310; 260; 12170; 46367295; 311""", 0," """"", , 0
LTE-310-410-080196887, 1," ""4; 2200; 2135.000""", 1, 1," ""32.711569; -117.157634; 226; 179; -6.2; 127090; -63.6; 03/09/2021; 18:41:22; 03/09/2021; 18:49:20""", 0," """"", 0," """""," ""310; 410; 33549; 80196887; 428""", 1," ""32.711451; -117.157696""", 203.80, 0
LTE-311-480-010263553, 1," ""13; 5230; 751.000""", 1, 1," ""32.726137; -117.171693; 360; 240; -31.0; 271434; -61.9; 03/09/2021; 18:30:25; 03/09/2021; 18:32:50""", 0," """"", 0," """""," ""311; 480; 10240; 10263553; 375""", 0," """"", , 0
LTE-310-260-046367293, 1," ""71; 68636; 622.000""", 1, 1," ""32.724244; -117.171114; 243; 219; -77.9; 167186; -61.6; 03/09/2021; 18:30:51; 03/09/2021; 18:33:04""", 0," """"", 0," """""," ""310; 260; 12170; 46367293; 309""", 0," """"", , 0
LTE-310-120-207757074, 1," ""25; 8640; 1990.000""", 1, 1," ""32.708031; -117.160854; 284; 233; -150.1; 207885; -60.9; 03/09/2021; 18:37:47; 03/09/2021; 18:41:04""", 0," """"", 0," """""," ""310; 120; 12170; 207757074; 411""", 0," """"", , 0
LTE-310-410-080654616, 1," ""4; 2200; 2135.000""", 1, 1," ""32.721671; -117.160121; 303; 179; -5.1; 170391; -53.3; 03/09/2021; 18:20:50; 03/09/2021; 18:27:13""", 0," """"", 0," """""," ""310; 410; 33544; 80654616; 37""", 0," """"", , 0
LTE-310-120-209083699, 1," ""41; 40189; 2549.900""", 1, 1," ""32.719197; -117.156081; 275; 229; -74.5; 197842; -70.0; 03/09/2021; 18:13:18; 03/09/2021; 18:27:51""", 0," """"", 0," """""," ""310; 120; 12170; 209083699; 186""", 0," """"", , 0
LTE-310-410-080654619, 1," ""4; 2200; 2135.000""", 1, 1," ""32.721813; -117.160466; 190; 173; -141.6; 103264; -65.8; 03/09/2021; 18:15:24; 03/09/2021; 18:27:13""", 0," """"", 0," """""," ""310; 410; 33544; 80654619; 128""", 1," ""32.720815; -117.159871""", 153.38, 0
LTE-310-410-079779255, 1," ""66; 66986; 2165.000""", 1, 1," ""32.891575; -117.189667; 247; 191; -175.8; 148211; -85.0; 03/09/2021; 17:51:53; 03/09/2021; 17:58:53""", 0," """"", 0," """""," ""310; 410; 33546; 79779255; 144""", 0," """"", , 0
LTE-310-120-207667226, 1," ""26; 8763; 866.300""", 1, 1," ""32.890359; -117.188149; 291; 217; -171.6; 198382; -82.4; 03/09/2021; 17:51:45; 03/09/2021; 17:58:19""", 0," """"", 0," """""," ""310; 120; 12170; 207667226; 430""", 0," """"", , 0
LTE-310-120-207667227, 1," ""26; 8763; 866.300""", 1, 1," ""32.895286; -117.191438; 364; 230; -170.2; 263014; -66.3; 03/09/2021; 17:57:30; 03/09/2021; 17:59:54""", 0," """"", 0," """""," ""310; 120; 12170; 207667227; 92""", 0," """"", , 0
LTE-310-410-080129968, 1," ""14; 5330; 763.000""", 1, 1," ""32.713641; -117.155118; 218; 168; -177.1; 115058; -49.7; 03/09/2021; 19:05:21; 03/09/2021; 19:10:10""", 0," """"", 0," """""," ""310; 410; 33549; 80129968; 380""", 1," ""32.713700; -117.155071""", 33.57, 0
LTE-310-260-022156551, 1," ""2; 875; 1957.500""", 1, 1," ""32.721897; -117.167574; 203; 148; -92.1; 94386; -53.3; 03/09/2021; 18:55:13; 03/09/2021; 19:00:17""", 0," """"", 0," """""," ""310; 260; 12170; 22156551; 65""", 1," ""32.721657; -117.167433""", 153.77, 0
LTE-310-410-081849008, 1," ""14; 5330; 763.000""", 1, 1," ""32.705235; -117.158304; 307; 190; -171.8; 183249; -41.0; 03/09/2021; 18:38:08; 03/09/2021; 18:41:16""", 0," """"", 0," """""," ""310; 410; 33549; 81849008; 113""", 0," """"", , 0
LTE-310-410-080352433, 1," ""14; 5330; 763.000""", 1, 1," ""32.722233; -117.169198; 381; 215; -92.7; 257344; -74.5; 03/09/2021; 18:31:03; 03/09/2021; 18:59:08""", 0," """"", 0," """""," ""310; 410; 33544; 80352433; 327""", 0," """"", , 0
LTE-310-120-209085747, 1," ""41; 40189; 2549.900""", 1, 1," ""32.725249; -117.171970; 331; 221; -6.3; 229811; -66.0; 03/09/2021; 18:30:31; 03/09/2021; 18:33:14""", 0," """"", 0," """""," ""310; 120; 12170; 209085747; 350""", 0," """"", , 0
LTE-310-410-080352406, 1," ""30; 9820; 2355.000""", 1, 1," ""32.722927; -117.168682; 299; 182; -93.9; 170959; -68.0; 03/09/2021; 18:30:56; 03/09/2021; 18:58:41""", 0," """"", 0," """""," ""310; 410; 33544; 80352406; 114""", 0," """"", , 0
LTE-310-120-209083715, 1," ""41; 39793; 2510.300""", 1, 1," ""32.719093; -117.156450; 234; 218; -68.3; 160259; -69.7; 03/09/2021; 18:13:00; 03/09/2021; 18:27:11""", 0," """"", 0," """""," ""310; 120; 12170; 209083715; 186""", 0," """"", , 0
LTE-310-120-208399409, 1," ""41; 41490; 2680.000""", 1, 1," ""32.721040; -117.158101; 259; 171; -164.7; 139138; -66.1; 03/09/2021; 18:13:30; 03/09/2021; 18:28:04""", 0," """"", 0," """""," ""310; 120; 12170; 208399409; 207""", 0," """"", , 0
LTE-310-260-046550079, 1," ""71; 68636; 622.000""", 1, 1," ""32.718809; -117.156845; 135; 131; -145.1; 55559; -48.7; 03/09/2021; 18:12:53; 03/09/2021; 19:07:34""", 0," """"", 0," """""," ""310; 260; 12170; 46550079; 199""", 1," ""32.718225; -117.156917""", 185.90, 0
LTE-310-120-209083707, 1," ""41; 39991; 2530.100""", 1, 1," ""32.719406; -117.156155; 260; 218; -81.0; 178065; -71.3; 03/09/2021; 18:13:26; 03/09/2021; 18:27:49""", 0," """"", 0," """""," ""310; 120; 12170; 209083707; 186""", 0," """"", , 0
LTE-310-260-046550039, 1," ""12; 5035; 731.500""", 1, 1," ""32.719015; -117.156770; 165; 152; -31.4; 78791; -50.2; 03/09/2021; 18:12:57; 03/09/2021; 19:07:40""", 0," """"", 0," """""," ""310; 260; 12170; 46550039; 199""", 1," ""32.718515; -117.156587""", 162.88, 0
LTE-310-260-022152457, 1," ""2; 875; 1957.500""", 1, 1," ""32.715564; -117.165417; 286; 208; -143.5; 186887; -51.2; 03/09/2021; 18:52:00; 03/09/2021; 19:04:14""", 0," """"", 0," """""," ""310; 260; 12170; 22152457; 133""", 0," """"", , 0
LTE-310-260-022152452, 1," ""12; 5035; 731.500""", 1, 1," ""32.716584; -117.165851; 299; 216; -112.5; 202897; -48.5; 03/09/2021; 18:57:46; 03/09/2021; 19:03:03""", 0," """"", 0," """""," ""310; 260; 12170; 22152452; 134""", 0," """"", , 0
LTE-310-260-020876297, 1," ""2; 875; 1957.500""", 1, 1," ""32.707310; -117.162432; 306; 208; -148.0; 199956; -62.6; 03/09/2021; 18:36:31; 03/09/2021; 18:40:28""", 0," """"", 0," """""," ""310; 260; 12170; 20876297; 209""", 0," """"", , 0
LTE-310-260-020876294, 1," ""12; 5035; 731.500""", 1, 1," ""32.706652; -117.162118; 306; 206; -147.1; 198033; -55.5; 03/09/2021; 18:37:21; 03/09/2021; 18:40:47""", 0," """"", 0," """""," ""310; 260; 12170; 20876294; 209""", 0," """"", , 0
LTE-310-260-020876296, 1," ""2; 875; 1957.500""", 1, 1," ""32.707879; -117.160427; 202; 178; -141.5; 112959; -66.1; 03/09/2021; 18:37:52; 03/09/2021; 18:41:37""", 0," """"", 0," """""," ""310; 260; 12170; 20876296; 208""", 1," ""32.707376; -117.159404""", 120.28, 0
LTE-310-120-207753243, 1," ""26; 8751; 865.100""", 1, 1," ""32.709512; -117.157219; 290; 242; -19.4; 220477; -49.8; 03/09/2021; 18:40:21; 03/09/2021; 18:42:57""", 0," """"", 0," """""," ""310; 120; 12170; 207753243; 2""", 0," """"", , 0
LTE-310-120-207753234, 1," ""25; 8640; 1990.000""", 1, 1," ""32.708870; -117.155494; 247; 198; -177.2; 153643; -64.1; 03/09/2021; 18:39:22; 03/09/2021; 18:43:30""", 0," """"", 0," """""," ""310; 120; 12170; 207753234; 81""", 0," """"", , 0
LTE-310-120-207753241, 1," ""26; 8751; 865.100""", 1, 1," ""32.709952; -117.156401; 411; 184; -166.7; 237580; -56.5; 03/09/2021; 18:22:33; 03/09/2021; 18:49:18""", 0," """"", 0," """""," ""310; 120; 12170; 207753241; 181""", 0," """"", , 0
LTE-310-120-208263729, 1," ""41; 41490; 2680.000""", 1, 1," ""32.723958; -117.162442; 282; 253; -170.6; 224140; -57.8; 03/09/2021; 18:15:46; 03/09/2021; 18:22:43""", 0," """"", 0," """""," ""310; 120; 12170; 208263729; 113""", 0," """"", , 0
LTE-310-410-079779081, 1," ""2; 700; 1940.000""", 1, 1," ""32.891815; -117.189414; 251; 233; -8.3; 183730; -82.9; 03/09/2021; 17:56:30; 03/09/2021; 17:58:44""", 0," """"", 0," """""," ""310; 410; 33546; 79779081; 343""", 0," """"", , 0
LTE-311-480-010411536, 1," ""66; 67086; 2175.000""", 1, 1," ""32.707401; -117.159788; 174; 165; -165.5; 90195; -66.3; 03/09/2021; 18:37:38; 03/09/2021; 18:41:04""", 0," """"", 0," """""," ""311; 480; 10245; 10411536; 129""", 1," ""32.706689; -117.160036""", 196.32, 0
LTE-310-260-047307799, 1," ""12; 5035; 731.500""", 1, 1," ""32.711828; -117.170843; 154; 140; -155.5; 67733; -51.1; 03/09/2021; 18:33:18; 03/09/2021; 18:37:11""", 0," """"", 0," """""," ""310; 260; 12170; 47307799; 161""", 1," ""32.711590; -117.171815""", 253.77, 0
LTE-310-410-080453016, 1," ""30; 9820; 2355.000""", 1, 1," ""32.711889; -117.159063; 299; 181; -7.0; 170020; -74.2; 03/09/2021; 18:40:28; 03/09/2021; 18:50:31""", 0," """"", 0," """""," ""310; 410; 33549; 80453016; 186""", 0," """"", , 0
LTE-310-260-046380606, 1," ""71; 68636; 622.000""", 1, 1," ""32.720931; -117.159207; 198; 152; -2.8; 94549; -45.8; 03/09/2021; 18:14:09; 03/09/2021; 18:27:49""", 0," """"", 0," """""," ""310; 260; 12170; 46380606; 356""", 1," ""32.720515; -117.159097""", 167.40, 0
LTE-310-260-046380607, 1," ""71; 68636; 622.000""", 1, 1," ""32.722115; -117.161281; 174; 122; -110.9; 66690; -54.2; 03/09/2021; 18:15:15; 03/09/2021; 19:03:27""", 0," """"", 0," """""," ""310; 260; 12170; 46380607; 354""", 1," ""32.721450; -117.162929""", 244.39, 0
LTE-310-410-080209848, 1," ""66; 66986; 2165.000""", 1, 1," ""32.763924; -117.161127; 285; 256; -99.7; 229211; -69.6; 03/09/2021; 18:07:07; 03/09/2021; 18:09:14""", 0," """"", 0," """""," ""310; 410; 33551; 80209848; 362""", 0," """"", , 0
LTE-311-480-010422787, 1," ""13; 5230; 751.000""", 1, 1," ""32.721170; -117.167637; 191; 125; -90.7; 75006; -49.3; 03/09/2021; 18:55:03; 03/09/2021; 18:59:56""", 0," """"", 0," """""," ""311; 480; 10246; 10422787; 335""", 1," ""32.721313; -117.167820""", 312.93, 0
LTE-310-260-046380550, 1," ""12; 5035; 731.500""", 1, 1," ""32.721958; -117.161389; 154; 119; -106.9; 57573; -48.9; 03/09/2021; 18:15:19; 03/09/2021; 18:59:56""", 0," """"", 0," """""," ""310; 260; 12170; 46380550; 354""", 1," ""32.721710; -117.162549""", 255.70, 0
LTE-310-260-046380549, 1," ""12; 5035; 731.500""", 1, 1," ""32.721283; -117.159923; 257; 174; -171.5; 140486; -43.2; 03/09/2021; 18:14:05; 03/09/2021; 18:27:57""", 0," """"", 0," """""," ""310; 260; 12170; 46380549; 356""", 0," """"", , 0
LTE-311-480-087180048, 1," ""66; 67086; 2175.000""", 1, 1," ""32.718696; -117.160494; 158; 147; -172.9; 72967; -50.5; 03/09/2021; 18:14:20; 03/09/2021; 18:18:56""", 0," """"", 0," """""," ""311; 480; 10246; 87180048; 108""", 1," ""32.718476; -117.160685""", 216.03, 0
LTE-310-410-079563195, 1," ""66; 66986; 2165.000""", 1, 1," ""32.712789; -117.172081; 373; 229; -120.1; 268345; -75.1; 03/09/2021; 18:33:17; 03/09/2021; 18:55:20""", 0," """"", 0," """""," ""310; 410; 33544; 79563195; 316""", 0," """"", , 0
LTE-310-120-207752987, 1," ""26; 8751; 865.100""", 1, 1," ""32.719913; -117.159483; 236; 230; -37.2; 170526; -55.0; 03/09/2021; 18:14:08; 03/09/2021; 18:27:48""", 0," """"", 0," """""," ""310; 120; 12170; 207752987; 347""", 0," """"", , 0
LTE-310-120-207752979, 1," ""25; 8640; 1990.000""", 1, 1," ""32.720874; -117.159285; 263; 205; -164.5; 169379; -53.2; 03/09/2021; 18:14:20; 03/09/2021; 18:27:50""", 0," """"", 0," """""," ""310; 120; 12170; 207752979; 347""", 0," """"", , 0
GSM-310-260-00138-53971, 1," ""2; 761; 1980.000""", 2, 1," ""32.889256; -117.200566; 347; 237; -31.5; 258361; -57.9; 03/09/2021; 17:58:18; 03/09/2021; 18:00:40""", 1," ""32.889256; -117.200566; 347; 237; -31.5; 258361""", 0," """""," ""310; 260; 138; 53971; 25""", 1," ""32.884056; -117.200025""", 175.01, 0
GSM-310-260-00138-53972, 1," ""2; 786; 1985.000""", 2, 1," ""32.889256; -117.200566; 347; 237; -31.5; 258361; -57.9; 03/09/2021; 17:45:36; 03/09/2021; 18:00:37""", 1," ""32.889256; -117.200566; 347; 237; -31.5; 258361""", 0," """""," ""310; 260; 138; 53972; 10""", 1," ""32.889467; -117.192859""", 88.13, 0
GSM-310-260-00138-53973, 1," ""2; 759; 1979.600""", 2, 1," ""32.889256; -117.200566; 347; 237; -31.5; 258361; -57.9; 03/09/2021; 17:57:29; 03/09/2021; 18:01:01""", 1," ""32.889256; -117.200566; 347; 237; -31.5; 258361""", 0," """""," ""310; 260; 138; 53973; 49""", 1," ""32.886402; -117.202332""", 207.46, 0
GSM-310-260-40205-50701, 1," ""2; 762; 1980.200""", 2, 1," ""32.804657; -117.155145; 331; 174; -72.9; 180937; -30.5; 03/09/2021; 18:05:37; 03/09/2021; 18:06:35""", 1," ""32.804657; -117.155145; 331; 174; -72.9; 180937""", 0," """""," ""310; 260; 40205; 50701; 21""", 1," ""32.763600; -117.158012""", 183.36, 0
GSM-310-260-40205-50702, 1," ""2; 765; 1980.800""", 2, 1," ""32.804657; -117.155145; 331; 174; -72.9; 180937; -30.5; 03/09/2021; 18:05:43; 03/09/2021; 18:06:44""", 1," ""32.804657; -117.155145; 331; 174; -72.9; 180937""", 0," """""," ""310; 260; 40205; 50702; 22""", 1," ""32.802773; -117.155137""", 179.80, 0
GSM-310-260-40205-50721, 1," ""2; 683; 1964.400""", 2, 1," ""32.855295; -117.179731; 358; 167; -123.8; 187823; -29.8; 03/09/2021; 17:47:40; 03/09/2021; 18:02:59""", 1," ""32.855295; -117.179731; 358; 167; -123.8; 187823""", 0," """""," ""310; 260; 40205; 50721; 29""", 1," ""32.856000; -117.183422""", 282.80, 0
GSM-310-260-40205-50722, 1," ""2; 685; 1964.800""", 2, 1," ""32.855295; -117.179731; 358; 167; -123.8; 187823; -29.8; 03/09/2021; 18:01:15; 03/09/2021; 18:05:42""", 1," ""32.855295; -117.179731; 358; 167; -123.8; 187823""", 0," """""," ""310; 260; 40205; 50722; 62""", 1," ""32.852364; -117.181183""", 202.59, 0
GSM-310-260-40205-50723, 1," ""2; 613; 1950.400""", 2, 1," ""32.855295; -117.179731; 358; 167; -123.8; 187823; -29.8; 03/09/2021; 18:00:43; 03/09/2021; 18:02:58""", 1," ""32.855295; -117.179731; 358; 167; -123.8; 187823""", 0," """""," ""310; 260; 40205; 50723; 13""", 1," ""32.856074; -117.183510""", 283.80, 0
GSM-310-260-40205-54783, 1," ""2; 763; 1980.400""", 1, 1," ""32.855295; -117.179731; 358; 167; -123.8; 187823; -29.8; 03/09/2021; 18:01:06; 03/09/2021; 18:02:37""", 0," """"", 0," """""," ""310; 260; 40205; 54783; 36""", 0," """"", , 0
GSM-310-260-40206-21921, 1," ""2; 759; 1979.600""", 2, 1," ""32.710366; -117.163143; 248; 177; -158.5; 137903; -31.5; 03/09/2021; 18:41:34; 03/09/2021; 19:11:54""", 1," ""32.710366; -117.163143; 248; 177; -158.5; 137903""", 0," """""," ""310; 260; 40206; 21921; 4""", 1," ""32.713611; -117.160201""", 37.33, 0
GSM-310-260-40206-21922, 1," ""2; 761; 1980.000""", 2, 1," ""32.710366; -117.163143; 248; 177; -158.5; 137903; -31.5; 03/09/2021; 18:37:42; 03/09/2021; 19:12:02""", 1," ""32.710366; -117.163143; 248; 177; -158.5; 137903""", 0," """""," ""310; 260; 40206; 21922; 21""", 1," ""32.712642; -117.160547""", 43.83, 0
GSM-310-260-40206-21923, 1," ""2; 737; 1975.200""", 2, 1," ""32.710366; -117.163143; 248; 177; -158.5; 137903; -31.5; 03/09/2021; 18:37:17; 03/09/2021; 19:11:53""", 1," ""32.710366; -117.163143; 248; 177; -158.5; 137903""", 0," """""," ""310; 260; 40206; 21923; 45""", 1," ""32.712585; -117.160926""", 40.05, 0
GSM-310-260-40206-24101, 1," ""2; 762; 1980.200""", 2, 1," ""32.723150; -117.171745; 260; 184; -73.1; 150294; -44.3; 03/09/2021; 18:29:53; 03/09/2021; 18:59:41""", 1," ""32.723150; -117.171745; 260; 184; -73.1; 150294""", 0," """""," ""310; 260; 40206; 24101; 26""", 1," ""32.721469; -117.169003""", 126.07, 0
GSM-310-260-40206-24102, 1," ""2; 738; 1975.400""", 2, 1," ""32.723150; -117.171745; 260; 184; -73.1; 150294; -44.3; 03/09/2021; 18:28:22; 03/09/2021; 19:00:32""", 1," ""32.723150; -117.171745; 260; 184; -73.1; 150294""", 0," """""," ""310; 260; 40206; 24102; 26""", 1," ""32.722780; -117.171236""", 130.83, 0
GSM-310-260-40206-24103, 1," ""2; 759; 1979.600""", 2, 1," ""32.723150; -117.171745; 260; 184; -73.1; 150294; -44.3; 03/09/2021; 18:18:18; 03/09/2021; 18:58:39""", 1," ""32.723150; -117.171745; 260; 184; -73.1; 150294""", 0," """""," ""310; 260; 40206; 24103; 21""", 1," ""32.709660; -117.153089""", 130.67, 0
GSM-310-260-40206-28111, 1," ""2; 737; 1975.200""", 2, 1," ""32.709102; -117.151155; 256; 185; -54.8; 148786; -21.2; 03/09/2021; 18:12:07; 03/09/2021; 19:10:26""", 1," ""32.709102; -117.151155; 256; 185; -54.8; 148786""", 0," """""," ""310; 260; 40206; 28111; 44""", 1," ""32.709531; -117.152468""", 291.22, 0
GSM-310-260-40206-28112, 1," ""2; 765; 1980.800""", 2, 1," ""32.709102; -117.151155; 256; 185; -54.8; 148786; -21.2; 03/09/2021; 18:38:49; 03/09/2021; 19:09:47""", 1," ""32.709102; -117.151155; 256; 185; -54.8; 148786""", 0," """""," ""310; 260; 40206; 28112; 30""", 1," ""32.709580; -117.150118""", 61.28, 0
GSM-310-260-40206-28113, 1," ""2; 759; 1979.600""", 2, 1," ""32.709102; -117.151155; 256; 185; -54.8; 148786; -21.2; 03/09/2021; 18:12:29; 03/09/2021; 19:09:37""", 1," ""32.709102; -117.151155; 256; 185; -54.8; 148786""", 0," """""," ""310; 260; 40206; 28113; 17""", 1," ""32.709427; -117.152782""", 283.35, 0
GSM-310-260-40206-50071, 1," ""2; 737; 1975.200""", 2, 1," ""32.722508; -117.160018; 176; 139; -139.4; 76856; -39.4; 03/09/2021; 18:10:53; 03/09/2021; 19:00:09""", 1," ""32.722508; -117.160018; 176; 139; -139.4; 76856""", 0," """""," ""310; 260; 40206; 50071; 14""", 1," ""32.710103; -117.152906""", 154.25, 0
GSM-310-260-40206-50072, 1," ""2; 765; 1980.800""", 2, 1," ""32.722508; -117.160018; 176; 139; -139.4; 76856; -39.4; 03/09/2021; 18:10:29; 03/09/2021; 19:10:19""", 1," ""32.722508; -117.160018; 176; 139; -139.4; 76856""", 0," """""," ""310; 260; 40206; 50072; 55""", 1," ""32.716061; -117.159739""", 177.91, 0
GSM-310-260-40206-50073, 1," ""2; 761; 1980.000""", 2, 1," ""32.722508; -117.160018; 176; 139; -139.4; 76856; -39.4; 03/09/2021; 18:11:30; 03/09/2021; 19:09:57""", 1," ""32.722508; -117.160018; 176; 139; -139.4; 76856""", 0," """""," ""310; 260; 40206; 50073; 22""", 1," ""32.721295; -117.162650""", 241.28, 0
GSM-310-260-40206-51461, 1," ""2; 738; 1975.400""", 1, 1," ""32.722508; -117.160018; 176; 139; -139.4; 76856; -39.4; 03/09/2021; 18:35:22; 03/09/2021; 19:12:08""", 0," """"", 0," """""," ""310; 260; 40206; 51461; 31""", 1," ""32.708719; -117.161204""", 184.14, 0
GSM-310-260-40206-51481, 1," ""2; 763; 1980.400""", 2, 1," ""32.707554; -117.161395; 267; 171; -154.0; 143436; -40.8; 03/09/2021; 18:35:56; 03/09/2021; 19:11:27""", 1," ""32.707554; -117.161395; 267; 171; -154.0; 143436""", 0," """""," ""310; 260; 40206; 51481; 56""", 1," ""32.712818; -117.165368""", 327.58, 0
GSM-310-260-40206-51482, 1," ""2; 785; 1984.800""", 2, 1," ""32.707554; -117.161395; 267; 171; -154.0; 143436; -40.8; 03/09/2021; 18:35:31; 03/09/2021; 19:12:11""", 1," ""32.707554; -117.161395; 267; 171; -154.0; 143436""", 0," """""," ""310; 260; 40206; 51482; 14""", 1," ""32.707528; -117.159457""", 90.92, 0
GSM-310-260-40206-51483, 1," ""2; 759; 1979.600""", 2, 1," ""32.707554; -117.161395; 267; 171; -154.0; 143436; -40.8; 03/09/2021; 18:35:51; 03/09/2021; 18:51:34""", 1," ""32.707554; -117.161395; 267; 171; -154.0; 143436""", 0," """""," ""310; 260; 40206; 51483; 26""", 1," ""32.708804; -117.156694""", 72.47, 0
GSM-310-260-40206-51491, 1," ""2; 762; 1980.200""", 2, 1," ""32.716092; -117.165208; 134; 128; -176.3; 53885; -37.2; 03/09/2021; 18:15:29; 03/09/2021; 19:05:00""", 1," ""32.716092; -117.165208; 134; 128; -176.3; 53885""", 0," """""," ""310; 260; 40206; 51491; 40""", 1," ""32.716485; -117.165480""", 329.82, 0
GSM-310-260-40206-51492, 1," ""2; 764; 1980.600""", 2, 1," ""32.716092; -117.165208; 134; 128; -176.3; 53885; -37.2; 03/09/2021; 18:14:25; 03/09/2021; 19:11:08""", 1," ""32.716092; -117.165208; 134; 128; -176.3; 53885""", 0," """""," ""310; 260; 40206; 51492; 37""", 1," ""32.715778; -117.164054""", 107.94, 0
GSM-310-260-40206-51493, 1," ""2; 737; 1975.200""", 2, 1," ""32.716092; -117.165208; 134; 128; -176.3; 53885; -37.2; 03/09/2021; 18:15:38; 03/09/2021; 19:05:29""", 1," ""32.716092; -117.165208; 134; 128; -176.3; 53885""", 0," """""," ""310; 260; 40206; 51493; 39""", 1," ""32.715938; -117.166000""", 256.97, 0
GSM-310-260-40206-54991, 1," ""2; 786; 1985.000""", 2, 1," ""32.713420; -117.166015; 283; 183; -124.5; 162700; -33.0; 03/09/2021; 18:36:17; 03/09/2021; 19:03:35""", 1," ""32.713420; -117.166015; 283; 183; -124.5; 162700""", 0," """""," ""310; 260; 40206; 54991; 35""", 1," ""32.714915; -117.166445""", 346.40, 0
GSM-310-260-40206-54992, 1," ""2; 763; 1980.400""", 2, 1," ""32.713420; -117.166015; 283; 183; -124.5; 162700; -33.0; 03/09/2021; 18:35:04; 03/09/2021; 19:12:01""", 1," ""32.713420; -117.166015; 283; 183; -124.5; 162700""", 0," """""," ""310; 260; 40206; 54992; 33""", 1," ""32.713134; -117.165684""", 135.75, 0
GSM-310-260-40206-54993, 1," ""2; 760; 1979.800""", 2, 1," ""32.713420; -117.166015; 283; 183; -124.5; 162700; -33.0; 03/09/2021; 18:34:19; 03/09/2021; 19:02:39""", 1," ""32.713420; -117.166015; 283; 183; -124.5; 162700""", 0," """""," ""310; 260; 40206; 54993; 59""", 1," ""32.713741; -117.150029""", 88.63, 0
GSM-310-260-40206-55001, 1," ""2; 785; 1984.800""", 2, 1," ""32.721785; -117.167341; 170; 123; -102.4; 65691; -30.4; 03/09/2021; 18:17:47; 03/09/2021; 19:02:07""", 1," ""32.721785; -117.167341; 170; 123; -102.4; 65691""", 0," """""," ""310; 260; 40206; 55001; 50""", 1," ""32.722281; -117.167475""", 347.16, 0
GSM-310-260-40206-55002, 1," ""2; 759; 1979.600""", 2, 1," ""32.721785; -117.167341; 170; 123; -102.4; 65691; -30.4; 03/09/2021; 18:12:30; 03/09/2021; 19:03:13""", 1," ""32.721785; -117.167341; 170; 123; -102.4; 65691""", 0," """""," ""310; 260; 40206; 55002; 27""", 1," ""32.720968; -117.164231""", 107.33, 0
GSM-310-260-40206-55003, 1," ""2; 765; 1980.800""", 2, 1," ""32.721785; -117.167341; 170; 123; -102.4; 65691; -30.4; 03/09/2021; 18:19:28; 03/09/2021; 19:00:36""", 1," ""32.721785; -117.167341; 170; 123; -102.4; 65691""", 0," """""," ""310; 260; 40206; 55003; 5""", 1," ""32.720888; -117.167763""", 201.60, 0
GSM-310-260-40206-55011, 1," ""2; 763; 1980.400""", 2, 1," ""32.718172; -117.158373; 302; 214; -4.7; 203035; -35.9; 03/09/2021; 18:11:15; 03/09/2021; 18:30:06""", 1," ""32.718172; -117.158373; 302; 214; -4.7; 203035""", 0," """""," ""310; 260; 40206; 55011; 2""", 1," ""32.720638; -117.159505""", 338.87, 0
GSM-310-260-40206-55012, 1," ""2; 738; 1975.400""", 2, 1," ""32.718172; -117.158373; 302; 214; -4.7; 203035; -35.9; 03/09/2021; 18:11:42; 03/09/2021; 18:27:44""", 1," ""32.718172; -117.158373; 302; 214; -4.7; 203035""", 0," """""," ""310; 260; 40206; 55012; 12""", 1," ""32.718709; -117.158789""", 326.90, 0
GSM-310-260-40206-58043, 1," ""2; 762; 1980.200""", 1, 1," ""32.709102; -117.151155; 256; 185; -54.8; 148786; -21.2; 03/09/2021; 18:37:53; 03/09/2021; 18:44:12""", 0," """"", 0," """""," ""310; 260; 40206; 58043; 5""", 0," """"", , 0